datetime,temp,dew,humidity,sealevelpressure,winddir,solarradiation,windspeed,precipprob,preciptype
01-01-2016,28.4,11.9,37.8,1016.4,147.5,216.1,16.6,0,0
02-01-2016,26.8,13,44.8,1017.2,110.3,215.7,16.6,0,0
03-01-2016,25.5,14.6,52.8,1015.7,145.3,221.1,18.4,0,0
04-01-2016,26.4,13.1,46.6,1015.3,126.9,216.2,16.6,0,0
05-01-2016,27.1,13.5,44.9,1014.4,125.5,208.1,16.6,0,0
06-01-2016,26.9,14.3,48.2,1014.2,110.2,200.8,14.8,0,0
07-01-2016,26.1,17,58,1015.1,149.4,189.9,15.8,0,0
08-01-2016,26.6,16.5,55.2,1015.4,157.7,185,13,0,0
09-01-2016,26.3,13.5,47.6,1013.8,117.5,203.1,16.6,0,0
10-01-2016,26,12.5,45.3,1014.2,124.7,203.7,16.6,0,0
11-01-2016,26.1,14.6,50.4,1014.3,153.7,212.6,24.1,0,0
12-01-2016,25.1,17.5,64.5,1013.1,200.7,201.9,16.6,0,0
13-01-2016,24.6,17,64,1012.5,195.6,211.4,16.6,0,0
14-01-2016,23.9,16.5,64.2,1012.6,158.4,209.6,25.9,0,0
15-01-2016,23.6,16.3,64.8,1012.3,193.9,210.8,16.6,0,0
16-01-2016,24.1,15.7,60.7,1011.8,162.5,201.5,13,100,1
17-01-2016,24,14.7,58.3,1011.6,154.6,187.2,16.6,0,0
18-01-2016,23.7,14.4,58.2,1011.2,141.4,220.5,16.6,0,0
19-01-2016,23.5,10.3,45.8,1012.1,180.5,228,20.5,0,0
20-01-2016,23.2,8.6,41.5,1014,155.7,239.6,32.4,0,0
21-01-2016,23.9,9.2,41.5,1014.5,120.7,232.8,18.4,0,0
22-01-2016,25.6,7.2,32.2,1014.5,128.9,234.9,18.4,0,0
23-01-2016,25.9,9.1,36.4,1014.5,115,224.2,18.4,0,0
24-01-2016,26.7,11.2,39.8,1014.5,172.7,220.8,18.4,0,0
25-01-2016,25.2,11.7,45.3,1013.7,166.1,242.7,18.4,0,0
26-01-2016,23.8,12,49.7,1013.4,174.1,239.5,22.3,0,0
27-01-2016,23.7,16.1,64.4,1013.8,208.5,240.8,18.4,0,0
28-01-2016,25.1,15.4,57,1013.2,165.7,240.4,14.8,0,0
29-01-2016,26.5,16.6,57.2,1014.2,155.9,237.3,18.4,0,0
30-01-2016,26.8,17.9,59.5,1014.2,230.7,235.6,16.6,0,0
31-01-2016,26.4,18.3,62.3,1013.3,163.8,233.9,16.6,0,0
01-02-2016,26.5,17.5,59.9,1014.1,193.7,231.2,18.4,0,0
02-02-2016,26.7,15.7,53,1014.2,247.5,244.9,16.6,0,0
03-02-2016,25.7,13.7,49.9,1013.9,184.3,257.1,16.6,0,0
04-02-2016,24.6,14.6,55.4,1013.1,164.6,252,22.3,0,0
05-02-2016,24.1,18,69.7,1012,173.6,237.6,22,0,0
06-02-2016,23.6,16.5,66.5,1012,203.5,241.4,16.6,0,0
07-02-2016,24,16.6,64.2,1014.5,247,231.7,20.5,0,0
08-02-2016,24,16.6,64.4,1013.2,172.1,251.7,18.4,0,0
09-02-2016,25.5,18.6,67.2,1012,173.5,230.1,18.4,0,0
10-02-2016,25.9,17.4,62.9,1011.9,183.5,229,18.4,0,0
11-02-2016,24.6,18.8,71,1012.5,232.3,251.2,20.5,0,0
12-02-2016,23.8,17.1,67.8,1013,189.1,252.4,20.5,0,0
13-02-2016,23.8,16,62.6,1013.6,179.3,257.2,18.4,0,0
14-02-2016,24.8,12.7,50.3,1012.7,178.1,253.1,24.1,0,0
15-02-2016,25.3,11.6,43.5,1012.7,234.5,236.8,18.4,0,0
16-02-2016,26,16,56.4,1012.5,208.8,237.5,18.4,0,0
17-02-2016,26,20.9,75,1013,183.5,209.6,24.1,0,0
18-02-2016,26.5,18.9,64.4,1012.4,157.4,238.8,22.3,0,0
19-02-2016,26.6,20.5,69.9,1014.3,215.4,237.1,18.4,0,0
20-02-2016,27.6,19,60.4,1014.2,216.5,162.8,20.5,0,0
21-02-2016,28.2,14.9,46.3,1013.3,234.9,231.8,18.4,0,0
22-02-2016,27.4,9.4,34.3,1013.6,253.2,268.4,22.3,0,0
23-02-2016,26,16.3,57,1011.3,199.3,260.7,20.5,0,0
24-02-2016,25.7,21,76.3,1011.3,180.1,261.5,25.9,0,0
25-02-2016,25.9,19.4,69.5,1012.2,171.8,214.7,18.4,0,0
26-02-2016,26.3,19.6,68.4,1013.1,152.7,230.5,20.5,0,0
27-02-2016,27.6,20.5,67.8,1012.9,153.7,236.1,20.5,0,0
28-02-2016,27.5,22,72.9,1013.9,200.3,210.2,20.5,0,0
29-02-2016,27.7,21.4,69.6,1013.9,200.3,242.6,18.4,100,1
01-03-2016,28.6,20.5,62.9,1011.8,148.8,238.4,20.5,100,1
02-03-2016,29.5,21.5,63.5,1012.5,170.4,243.7,20.5,100,1
03-03-2016,30.8,19.4,52.6,1013.4,173.7,232.2,18.4,100,1
04-03-2016,28.8,18,52.9,1012.7,128,246.3,18.4,100,1
05-03-2016,28.8,18.4,55.6,1011.1,225.3,277.9,20.5,0,0
06-03-2016,27.8,18,57.5,1011.4,183,278.8,20.5,0,0
07-03-2016,28,17.3,53.9,1010.5,225.1,286.3,20.5,0,0
08-03-2016,29.3,15.9,46.9,1009.9,188.4,279.3,18.4,0,0
09-03-2016,29.1,17,49.3,1010.7,259.9,278.9,24.1,0,0
10-03-2016,29.3,17.6,51.6,1011.1,277,290.5,22.3,0,0
11-03-2016,29.7,20.3,59.7,1011.2,238.5,273.3,18.4,100,1
12-03-2016,28,19.9,62.6,1011.3,233,273.6,22.3,0,0
13-03-2016,27,20.6,69.1,1012.7,296.2,291.7,18.4,0,0
14-03-2016,26.6,20.1,68,1012.9,203.8,296.8,24.1,0,0
15-03-2016,27.4,19,61.6,1011.4,253.4,293.3,25.9,0,0
16-03-2016,27.5,20.9,68.5,1011.2,258.5,293.8,20.5,0,0
17-03-2016,27.5,21.8,72.1,1011.6,221.2,292.1,18.4,0,0
18-03-2016,28.9,21.6,66.1,1011.1,220.2,287.8,24.1,0,0
19-03-2016,31.2,18.8,51.8,1011,201,281.6,18.4,0,0
20-03-2016,31.4,18.7,49.3,1011.8,260.8,290.1,14.8,0,0
21-03-2016,30.4,18.2,52,1011.1,271.7,295.8,20.5,0,0
22-03-2016,29.7,17.9,51.4,1009.1,171,302.8,24.1,0,0
23-03-2016,31.7,16,43,1008.7,217.5,296.3,20.5,0,0
24-03-2016,29.1,22.9,70,1010.7,239.4,285.7,22.3,0,0
25-03-2016,28.4,24.1,78.1,1012,212.4,267.1,23.4,0,0
26-03-2016,28.9,23.5,73.6,1011.6,218.3,272.7,22.3,0,0
27-03-2016,30.7,21.1,58.3,1010.8,236.9,252.1,20.5,100,1
28-03-2016,30.4,18.6,53.4,1011.1,197.1,295.2,18.4,0,0
29-03-2016,29,22.4,69.4,1011.6,205.8,287.4,22.3,100,1
30-03-2016,29.1,21.6,66.5,1012,211.5,294.7,18.4,0,0
31-03-2016,28.3,22.1,70.6,1011.5,204.7,295.5,22.3,0,0
01-04-2016,28.2,22.9,73.9,1009.4,264.3,304.7,22.3,0,0
02-04-2016,28.3,23.7,76.6,1010.1,299.8,299.9,22.3,0,0
03-04-2016,28.5,23.6,75.5,1011.5,254.6,271.9,20.5,0,0
04-04-2016,29.1,23.8,73.7,1009.5,242.2,261.9,18.4,0,0
05-04-2016,28.6,23.9,75.7,1009.3,253.2,269.4,20.5,100,1
06-04-2016,28.8,22.2,67.9,1010.7,211.5,309.3,24.1,0,0
07-04-2016,29.8,20.7,60.9,1010,242.5,306.2,24.1,100,1
08-04-2016,30.6,17.4,48.9,1009.3,240.6,307.3,20.5,0,0
09-04-2016,30.5,20.2,56.3,1009.4,271.8,283.3,17.6,0,0
10-04-2016,30.3,21.9,62.1,1010.8,261.5,302.1,25.9,0,0
11-04-2016,31,21.5,59.3,1010.4,272,301.5,22.3,0,0
12-04-2016,30.7,21.8,61,1008.8,269.8,307.7,24.1,0,0
13-04-2016,29.3,23.6,71.7,1007.8,271.8,321.6,20.5,0,0
14-04-2016,29.2,22.9,69.8,1007.7,206,325.2,20.5,0,0
15-04-2016,29.4,22.9,69.2,1008.5,236.9,326.8,22.3,0,0
16-04-2016,29.2,23.3,71.2,1008.8,225.7,316.5,27.7,0,0
17-04-2016,28.8,22.9,71.4,1008.6,223.5,322.1,22.3,0,0
18-04-2016,30,23.9,71,1008,206.8,312.5,24.1,0,0
19-04-2016,30.5,23.5,67,1008.1,285.8,288.9,22.3,0,0
20-04-2016,30,24.1,71.2,1010,249.5,286,22.3,100,1
21-04-2016,29.1,24.2,75,1009.7,271.3,292.7,22.3,0,0
22-04-2016,28.6,22.3,69.5,1009.8,268.5,320.5,22.3,0,0
23-04-2016,29.1,22.9,69.6,1008.3,251.5,321.6,20,0,0
24-04-2016,29.1,22.8,69.1,1007.3,234.7,277.5,20.5,0,0
25-04-2016,28.9,22.4,68.6,1007.8,228.7,327.3,18.4,0,0
26-04-2016,29.5,23.1,69.8,1009,243.9,323.1,17.2,0,0
27-04-2016,32.2,21,56.1,1007.5,259.6,296,24.1,100,1
28-04-2016,31.7,22.1,58.3,1008.2,235.4,275.2,24.1,100,1
29-04-2016,30.3,24.7,72.6,1008.4,232.8,263.3,22.3,0,0
30-04-2016,29.9,24,71.4,1009,218.1,315.9,22.3,0,0
01-05-2016,29.9,24.5,73.5,1008.5,254.7,313.9,22.3,100,1
02-05-2016,30,24.7,74,1008.6,242.3,293.4,22.3,0,0
03-05-2016,30.1,24.4,72.6,1008,225.7,310.8,24.1,0,0
04-05-2016,29.9,24.6,73.5,1007.8,190.8,270,22.3,0,0
05-05-2016,30.1,24.4,72,1008.6,252.6,293.2,22.3,0,0
06-05-2016,29.9,23.7,69.8,1008.5,273.5,306.3,22.3,100,1
07-05-2016,29.9,24.1,71.5,1008.4,244.3,299.3,24.1,0,0
08-05-2016,30.3,24.7,72.4,1009.5,225.7,307.1,22.3,0,0
09-05-2016,30,24.6,73.1,1009,241.7,287.2,22.7,100,1
10-05-2016,30.1,25.1,75,1008.7,253.4,285.1,18.4,100,1
11-05-2016,30.5,25.5,75.1,1008.5,255.2,298.1,20.5,100,1
12-05-2016,30.2,25.6,76.7,1006.8,258.1,304.1,25.9,100,1
13-05-2016,30.7,25.7,75.4,1006.8,243.8,278.9,20.5,100,1
14-05-2016,31.1,25.9,74.3,1007.7,252.1,156.7,24.1,100,1
15-05-2016,30.7,26,75.9,1007.5,230.5,219,24.1,100,1
16-05-2016,30.8,26.1,76.5,1005.4,245.6,221,24.1,0,0
17-05-2016,30.9,26.1,76.2,1003.5,270.5,230.2,20.5,0,0
18-05-2016,31,26.4,76.9,1002.3,261.3,184.7,24.1,0,0
19-05-2016,31.3,26,73.7,1002.5,246.5,237.5,22.3,0,0
20-05-2016,31.3,25.9,73.1,1004.1,249,170.2,22.3,0,0
21-05-2016,31.5,25.9,72.7,1006.5,251.4,226.9,27.4,0,0
22-05-2016,31.5,25.7,71.7,1007.7,238,293.3,22.3,0,0
23-05-2016,31.5,25.9,72.4,1008.5,240.7,240.3,22.3,0,0
24-05-2016,31.6,25.8,71.7,1007.7,237.7,254.5,25.9,0,0
25-05-2016,31.7,26,72.1,1007,228.1,237.9,24.1,0,0
26-05-2016,31.7,25.6,70.6,1007.4,239.3,235.5,22.3,0,0
27-05-2016,31.6,25.5,70.3,1008.5,256.1,250.7,22.3,0,0
28-05-2016,31.5,25.5,70.8,1008.1,252,291.2,22.3,0,0
29-05-2016,31.6,25.7,70.8,1007.4,244.7,290.3,24.1,0,0
30-05-2016,31.8,25.4,69.2,1006.7,250,323.5,20.5,0,0
31-05-2016,31.8,25.4,69.4,1007.4,256.9,323.6,22.3,100,1
01-06-2016,31.8,25.4,69.1,1008,278.3,298.4,22.3,100,1
02-06-2016,31.8,25.3,69.3,1007.2,292.4,251.1,24.1,100,1
03-06-2016,31.8,25.1,68.1,1006.6,289.3,298.2,24.1,0,0
04-06-2016,31.7,25.8,71.3,1006.6,274.9,220.1,22.3,100,1
05-06-2016,30.9,25.5,73.4,1006.9,251.5,137.9,25.9,100,1
06-06-2016,31.3,25.9,73.2,1006,260.3,136.4,18.4,100,1
07-06-2016,31.8,26.5,73.9,1006.1,240.2,165.6,20.5,100,1
08-06-2016,31.9,25.6,69.8,1005.4,276.2,148.3,24.1,100,1
09-06-2016,32,25.8,69.9,1005.2,264.9,139.5,20.5,100,1
10-06-2016,31.8,26,71.3,1005.9,262.3,147.3,24.1,100,1
11-06-2016,29.8,26.2,81,1006.8,221.3,102.3,22.3,100,1
12-06-2016,31.3,26.5,76.1,1006.6,245.3,118.9,24.1,100,1
13-06-2016,31.9,26,71.2,1007.1,256.2,200.7,24.1,100,1
14-06-2016,31.3,25.8,73,1006.5,251.4,265,29.5,100,1
15-06-2016,31.4,26,73.4,1005,239.8,297.3,25.9,100,1
16-06-2016,31.4,25.8,72.2,1004.9,250.4,282.3,25.6,100,1
17-06-2016,31.3,25.6,71.6,1004.9,259.1,276.7,24.1,100,1
18-06-2016,31.3,25.2,70.5,1005.5,282.7,217.4,24.1,100,1
19-06-2016,29.6,25.2,77.9,1004.1,263.1,171.1,22.3,100,1
20-06-2016,27.3,24.7,86,1002.7,206.8,143.3,16.6,100,1
21-06-2016,28.1,25.6,86.8,1002.7,199.7,140,22.3,100,1
22-06-2016,28.4,25.1,82.8,1004.8,199.6,231.9,18.4,100,1
23-06-2016,28,25.2,85.3,1004.7,172.6,165.9,22.3,100,1
24-06-2016,27.2,25.5,90.7,1004,170.5,204.5,27.4,100,1
25-06-2016,26.6,25.1,91.7,1005.1,206.9,123.5,22.3,100,1
26-06-2016,26.5,24.9,91.4,1004.7,176.3,132.7,22.3,100,1
27-06-2016,27,25.5,91.7,1003.1,190.1,201.7,29.9,100,1
28-06-2016,27.1,25.9,93.4,1002.8,201.2,128.9,24.1,100,1
29-06-2016,26.1,24.7,92.6,1004,202.8,176.7,20.8,100,1
30-06-2016,27.1,25.2,90,1003.7,192.1,189.9,24.1,100,1
01-07-2016,27.1,26.1,94.2,1002.3,197.4,176.4,20.5,100,1
02-07-2016,27.3,26,92.8,1001.9,240,133.7,27.7,100,1
03-07-2016,27.8,26.1,90.8,1002.4,244,132.6,27.7,100,1
04-07-2016,27.7,26,90.7,1003.9,233.5,187.4,34.2,100,1
05-07-2016,27.5,25.5,89.2,1004,221.1,161.8,33.5,100,1
06-07-2016,28.1,25.6,86.7,1004.4,219.8,159.2,25.9,100,1
07-07-2016,28.6,25.6,83.7,1005,251.8,254,20.5,100,1
08-07-2016,28.5,25.7,85.1,1004.4,254,213,24.1,100,1
09-07-2016,28.6,25.7,84.5,1003,251,131.8,26.6,100,1
10-07-2016,28.4,25.5,84.7,1002.4,251.2,132,37.1,100,1
11-07-2016,28.3,25.9,86.7,1002.6,256.8,119.6,35.3,100,1
12-07-2016,28.4,25.9,86.1,1003.1,249.1,179.8,31,100,1
13-07-2016,28.1,25.5,86.1,1003.7,240,274.6,27.7,100,1
14-07-2016,27.2,25.4,90,1004.1,211.7,263.5,25.9,100,1
15-07-2016,27.9,25.4,86.8,1005,212.6,268,24.1,100,1
16-07-2016,28.3,25.2,83.6,1005.5,222.1,267.6,24.1,100,1
17-07-2016,27.5,25.2,87.6,1007.4,196.5,231.3,20.5,100,1
18-07-2016,27.3,25,87.6,1008.4,232.4,204.1,24.1,100,1
19-07-2016,26.2,25,92.9,1008.2,230.8,179.2,25.9,100,1
20-07-2016,27.6,24.9,85.5,1007.2,268.5,148.6,22.3,100,1
21-07-2016,25.8,24.4,91.6,1006.2,179.7,158.3,14.8,100,1
22-07-2016,27.3,25.1,88.2,1004.8,235.6,177.2,24.1,100,1
23-07-2016,27.7,25.2,86.5,1004.1,199.1,135.7,27.7,100,1
24-07-2016,27.6,25,85.9,1004.5,169.4,198.7,18.4,100,1
25-07-2016,27.9,25.4,86.8,1004.9,213.2,195,16.6,100,1
26-07-2016,26.6,24.8,90.3,1005.6,181.5,221.5,16.6,100,1
27-07-2016,26.1,24.3,90.4,1006.5,204.6,144.5,14.8,100,1
28-07-2016,26.1,24.3,90.2,1006.9,193.5,146.6,16.6,100,1
29-07-2016,25.7,24.7,94.8,1006.3,161.6,216,14.8,100,1
30-07-2016,26.7,24.8,89.7,1005.5,245,188.8,22.3,100,1
31-07-2016,26.7,25.2,91.9,1006.4,251.1,139,27,100,1
01-08-2016,26.8,25,90.5,1005.1,255.3,112.2,33.5,100,1
02-08-2016,27.5,25.1,86.5,1002.3,245.1,154.9,33.5,100,1
03-08-2016,27.7,25.3,87,1002.1,251.1,135.4,33.5,100,1
04-08-2016,28.3,25.5,85,1002.9,254,207.9,29.5,100,1
05-08-2016,27,25.6,92.1,1002.8,257.7,121.7,27.7,100,1
06-08-2016,27.5,25.3,88,1003.8,246.5,246.8,37.1,100,1
07-08-2016,28.3,25,82.6,1005,243,182.6,24.1,100,1
08-08-2016,28.5,25.3,82.9,1005.9,239.5,277,27.7,100,1
09-08-2016,28.3,25.1,82.9,1005.9,239.1,276.4,25.9,100,1
10-08-2016,28.2,25,83,1006.4,242.3,257.3,34.2,100,1
11-08-2016,27.9,25.1,84.8,1007.7,237,183,25.9,100,1
12-08-2016,28.2,25.3,84.4,1008.1,249.5,272,27.7,100,1
13-08-2016,28.5,25.1,82.3,1007.2,257.8,279,25.9,100,1
14-08-2016,28.2,24.9,82,1007,247.9,280.5,31.7,100,1
15-08-2016,28.4,25,82.1,1006.8,250.8,271.3,29.2,100,1
16-08-2016,28.6,24.7,79.3,1006.2,247,292.4,25.9,100,1
17-08-2016,28.5,24.7,80.2,1005,243.9,291.2,25.9,100,1
18-08-2016,28.3,24.8,81.9,1004.9,250.6,266.5,24.1,100,1
19-08-2016,28.5,24.8,80.5,1005.7,253.5,219.7,22.3,100,1
20-08-2016,28.4,24.8,81,1005.2,240.9,170.4,24.1,100,1
21-08-2016,28.6,25,81,1005.5,246.9,278.3,22.3,100,1
22-08-2016,28.2,25.2,83.8,1006.2,260.5,268.1,20.5,100,1
23-08-2016,27.2,24.8,86.7,1006,251.3,169,22.3,100,1
24-08-2016,28,25.1,84.5,1005.5,264.7,265.3,25.9,100,1
25-08-2016,28.4,24.5,79.6,1006.9,255,279.8,24.1,100,1
26-08-2016,26.5,24.8,90.2,1006.7,223,244.6,16.6,100,1
27-08-2016,25.4,24.7,95.8,1006.6,163,202.4,14.8,100,1
28-08-2016,26.5,25.2,92.4,1006.6,200.9,218.8,18.4,100,1
29-08-2016,27.9,25.2,85.4,1006.4,246,189.9,25.9,100,1
30-08-2016,27.9,25.2,85.5,1005.4,247.3,180,20.5,100,1
31-08-2016,28.1,24.6,81.6,1006,236.2,245,24.1,100,1
01-09-2016,28,24.7,82.6,1006.8,236.7,239.6,22.3,100,1
02-09-2016,27.1,24.4,85.5,1007.2,228.1,281.2,25.9,100,1
03-09-2016,27.2,24.2,84,1007.6,216.5,261.3,20.5,100,1
04-09-2016,28.3,23.8,76.7,1009.7,238.5,272.3,22.3,100,1
05-09-2016,28.3,23.2,74,1010.6,245.8,219.1,22.3,100,1
06-09-2016,28.5,23.2,73.4,1010.6,247.7,282.3,22.3,100,1
07-09-2016,27.8,23.3,76.9,1009.7,215.2,290.5,24.1,100,1
08-09-2016,27.8,23.5,77.9,1010,218.8,282.8,18.4,100,1
09-09-2016,27.4,23.8,81.4,1010.9,163.4,239,22.3,100,1
10-09-2016,27.1,23.9,82.6,1010.1,196.3,220.9,24.1,100,1
11-09-2016,27.9,24.1,80.5,1008.7,222.7,234.9,18.4,100,1
12-09-2016,28.2,24.1,78.7,1008,179.5,236.7,18.4,100,1
13-09-2016,28.1,24.3,80.4,1008.4,206.3,230.6,18.4,100,1
14-09-2016,28.7,24.5,78.8,1008.1,202.2,226.6,18.4,100,1
15-09-2016,26.7,24.9,90.6,1007,242.7,192.6,20.5,100,1
16-09-2016,26.9,25,89.5,1005.1,236.9,104.5,13,100,1
17-09-2016,26.4,25,92.5,1004.1,215.6,53.8,18.4,100,1
18-09-2016,26,25.1,94.4,1005.4,237.8,82.8,25.9,100,1
19-09-2016,26.8,24.7,88.4,1008.2,269.9,258.7,22.3,100,1
20-09-2016,25.4,24.3,93.8,1008.3,236.7,261.3,22.3,100,1
21-09-2016,25.6,24.7,94.6,1008.1,292.7,156.4,20.5,100,1
22-09-2016,26.8,25,90.1,1007.8,301.2,145.9,26.6,100,1
23-09-2016,27.2,25.8,92.5,1005.9,284.3,89.7,31.3,100,1
24-09-2016,26.9,24.9,88.8,1005.1,275.1,145.6,24.8,100,1
25-09-2016,27.3,24.5,84.7,1006.3,269.3,144.3,20.5,100,1
26-09-2016,28.5,24.7,80.4,1008.2,306.8,141.7,23,100,1
27-09-2016,28.2,25.1,83.6,1009.3,305.8,268.2,20.5,100,1
28-09-2016,28.1,24.8,82.7,1008.7,297.8,244.5,24.1,0,0
29-09-2016,28.2,23.9,78.3,1008.1,291,208.4,18.4,0,0
30-09-2016,27.9,23.5,77.8,1007.6,225.8,237.9,22.3,0,0
01-10-2016,26.7,24.1,85.9,1007.4,287.1,194,18.4,100,1
02-10-2016,25.1,24.2,94.8,1008.4,164.3,134,18.4,100,1
03-10-2016,25.9,24.3,91.1,1007.5,165.6,170.4,23.4,100,1
04-10-2016,25.4,24.3,93.3,1007.7,174.6,143.8,18.4,100,1
05-10-2016,26.1,24.2,89.2,1008.6,202.5,263.3,22.3,100,1
06-10-2016,27,24.6,87.1,1008.9,188,253.4,22.3,100,1
07-10-2016,27.6,24.7,85,1008.8,188.3,187.5,22.3,100,1
08-10-2016,28,24.4,81.2,1008.9,174.2,248.4,18.4,100,1
09-10-2016,28,24.8,83.2,1008.8,182.2,238,20.5,100,1
10-10-2016,28.7,25.4,82.5,1008.7,216.1,235.6,18.4,100,1
11-10-2016,28.6,24.7,80,1009.5,213.5,191.8,22.3,0,0
12-10-2016,28.3,23.7,77,1009.1,226,211.4,18.4,100,1
13-10-2016,28.3,22.4,71.8,1009.7,221.8,263,20.5,0,0
14-10-2016,28.7,22.9,72,1009.8,251.9,254.4,16.6,0,0
15-10-2016,29,23.1,71.2,1009.9,179.9,253.7,16.6,0,0
16-10-2016,29.4,24.5,75.2,1011,264,251.5,20.5,0,0
17-10-2016,30,23.3,68.3,1010.4,194.6,247.8,16.6,0,0
18-10-2016,31,20.9,58.2,1009.5,174.7,249.2,18.4,0,0
19-10-2016,30.4,19.3,52.9,1008.7,118.5,244.3,20.5,0,0
20-10-2016,29.5,19.3,56.4,1008,184.2,252.2,18.4,0,0
21-10-2016,28.9,20.2,60.3,1008.9,187.3,250.6,18.4,0,0
22-10-2016,28.9,22.8,71,1010.5,230.4,245.7,16.6,0,0
23-10-2016,28.4,23.3,74.5,1010.8,242.2,244.6,20.9,0,0
24-10-2016,28.5,22.6,72,1010.8,268.5,229.6,20.5,0,0
25-10-2016,28,21,67,1011.8,235.4,251.2,20.5,0,0
26-10-2016,27.6,19.3,61.2,1010.6,125.9,243.4,18.4,0,0
27-10-2016,29.3,18.8,55.7,1011.4,154.6,243.1,20.5,0,0
28-10-2016,29.4,16.9,49.6,1011.1,157.7,250.1,22.3,0,0
29-10-2016,28.5,18.1,55.4,1010.5,150.1,238.9,14.8,0,0
30-10-2016,28.4,16.9,52.4,1011,118.3,243.5,18.4,0,0
31-10-2016,30,18.9,52.4,1012.5,105.7,226.2,20.5,0,0
01-11-2016,30.2,17.2,47.5,1012.4,111.6,239.6,18.4,0,0
02-11-2016,29.5,13.1,38.3,1011.8,122.3,232.8,18.4,0,0
03-11-2016,28.7,14.4,44,1011.8,117.1,242.7,18.4,0,0
04-11-2016,27.9,15.9,49.6,1010.6,207.4,238.8,18.4,0,0
05-11-2016,27.8,17.5,55.5,1009.4,151,226.4,16.6,0,0
06-11-2016,28.2,15,47.5,1011,152.7,231.3,14.8,0,0
07-11-2016,27.5,16.9,55.7,1012.8,137.3,223.1,16.6,0,0
08-11-2016,28.3,13.4,42.5,1013.2,118.3,233.4,18.4,0,0
09-11-2016,28,13.1,42.5,1013.8,137.3,232,14.8,0,0
10-11-2016,26.9,13.5,45.5,1012.9,148.3,242.1,16.6,0,0
11-11-2016,27.2,12.6,44.5,1012,135.5,228.8,16.6,0,0
12-11-2016,27.6,14.5,47.8,1012.4,116,222,14.8,0,0
13-11-2016,27.9,15.2,48.1,1013.1,119.3,208.3,18.4,0,0
14-11-2016,27.8,15.8,50,1012.6,145.3,194.2,14.8,0,0
15-11-2016,28.2,19.7,61.6,1011.6,153.5,190.6,13,0,0
16-11-2016,29.4,21.1,62,1011.8,146.7,176.8,16.6,0,0
17-11-2016,29.8,18.4,53.2,1012.6,107.3,209.2,18.4,0,0
18-11-2016,28.6,14.2,43,1011.9,113.8,169.8,18.4,0,0
19-11-2016,28,14.8,46.3,1010.4,144.5,203.8,14.8,0,0
20-11-2016,26.9,14.8,50.1,1011,179.3,222.9,16.6,0,0
21-11-2016,27.3,14.5,49.3,1011.1,122.4,229.2,14.8,0,0
22-11-2016,27.5,14,46.4,1011,144.3,226.7,16.6,0,0
23-11-2016,28.1,14.6,46.1,1010.6,136.2,222.4,13,0,0
24-11-2016,28.3,14.6,45.7,1011,125.1,220.3,16.6,0,0
25-11-2016,28.2,13.7,43.6,1011,118,224.7,14.8,0,0
26-11-2016,27.5,13.6,45.6,1011.9,177.3,230.8,15.1,0,0
27-11-2016,27.7,15,48.7,1012,159,229.2,16.6,0,0
28-11-2016,28.1,16.7,52.6,1011.6,151.4,229.3,18.4,0,0
29-11-2016,27.1,19.3,64.5,1012.4,148.9,215.6,14.8,0,0
30-11-2016,27.2,18.7,61.1,1012.8,146.4,213.1,14.8,0,0
01-12-2016,27.4,17.5,56.7,1012.2,167,148.1,14.8,0,0
02-12-2016,27.9,16.1,51.7,1012,150.5,163.5,18.4,0,0
03-12-2016,28.2,16.1,49.6,1012.8,139.5,211.6,14.8,0,0
04-12-2016,29.7,19,53.7,1013.8,145.3,204,18.4,0,0
05-12-2016,29.4,19.7,57.1,1013.3,157.3,163.5,16.6,0,0
06-12-2016,28.6,17.1,51.7,1012.8,106.5,205,14.8,0,0
07-12-2016,26.8,14.2,48.6,1013,159.4,216.6,18.4,0,0
08-12-2016,27.1,13.7,46.2,1012.9,185.3,215.8,16.6,0,0
09-12-2016,26.3,16,55.1,1012,142.3,214.7,16.6,0,0
10-12-2016,25.9,15.5,55,1011.5,119.6,218.7,16.6,0,0
11-12-2016,25.2,14.4,53.9,1010.7,179.4,219.4,16.6,0,0
12-12-2016,26.5,15,52.5,1010.5,145.2,218.8,19.1,0,0
13-12-2016,27.3,13.8,46,1009.8,111.3,219.5,20.5,0,0
14-12-2016,28.3,15.3,46.9,1010.7,136.1,197.2,18.4,0,0
15-12-2016,29,19.8,58.3,1011.8,130.8,200.2,20.5,0,0
16-12-2016,29.4,18.5,53.2,1013,124.3,196.9,18.4,0,0
17-12-2016,29,17.3,50.2,1013.6,170,192.3,23.4,0,0
18-12-2016,28.1,13.2,41.2,1014.3,145,210.7,18.4,0,0
19-12-2016,26.4,14.4,49.1,1013.9,149.7,216.3,16.6,0,0
20-12-2016,27.1,14.8,48.7,1012.9,130.9,212.5,16.6,0,0
21-12-2016,27.2,15.1,50.3,1014.1,172,217.2,18.4,0,0
22-12-2016,26.2,16.1,55.7,1014.1,150.5,201.1,23,0,0
23-12-2016,26.3,16.4,56.5,1012.2,153.2,218.2,18.4,0,0
24-12-2016,25.9,16.8,59,1010.7,137.3,215.2,14.8,0,0
25-12-2016,25.7,17.7,64.8,1011.2,156.5,212.7,16.6,0,0
26-12-2016,26.4,15.7,55.2,1012.3,127.2,211.5,16.6,0,0
27-12-2016,26.2,13.8,48.4,1012.5,127.3,211.7,18.4,0,0
28-12-2016,26.1,11.4,41.7,1012.5,146.8,220,16.6,0,0
29-12-2016,26.7,12.6,43.9,1012.8,137.3,216,16.6,0,0
30-12-2016,27,14,47.6,1013.2,129.2,215,20.5,0,0
31-12-2016,26.4,16.5,56.6,1012.6,148,209.2,16.6,0,0
01-01-2017,25.8,16,57,1012.8,136.8,201.3,14.8,0,0
02-01-2017,25.9,16.2,58.2,1013.8,126.3,202.5,14.8,0,0
03-01-2017,26.1,12.9,46.8,1013.7,165.4,216.1,22.3,0,0
04-01-2017,25.6,13.7,50.8,1013.5,141.8,220.3,16.6,0,0
05-01-2017,25.2,15,55.4,1012.7,149,217.8,14.8,0,0
06-01-2017,24.1,16.8,65.2,1012.5,188.6,219.1,24.1,0,0
07-01-2017,23.9,17.7,69,1011.3,165.5,218.2,18.4,0,0
08-01-2017,24.6,17.6,66.3,1010.5,195.5,210,16.6,0,0
09-01-2017,24.6,14.7,55.5,1011.3,163.5,210.4,22.3,0,0
10-01-2017,23.3,12,50.4,1012.8,263.7,225.6,18.4,0,0
11-01-2017,22.6,12.6,55.3,1012.9,183.4,228,18.4,0,0
12-01-2017,22.5,11.8,53.7,1011.5,177.8,225.8,18.4,0,0
13-01-2017,23.6,13.5,55.6,1010.9,113.2,216.9,20.5,0,0
14-01-2017,25.1,16.3,60,1012,138.3,196.5,20.5,0,0
15-01-2017,25.7,19,68.5,1014,140.5,196,18.4,0,0
16-01-2017,25.3,17.8,64.7,1014.4,125.8,195.1,14.8,0,0
17-01-2017,24.5,15.5,58.9,1013.9,189.2,199.3,16.6,0,0
18-01-2017,24.5,14.7,55.6,1014.4,162.6,196.5,23.4,0,0
19-01-2017,25.7,15.5,55,1014.6,144.2,195.9,18.4,0,0
20-01-2017,25.9,14.7,51.9,1014.6,156.8,219.5,20.5,0,0
21-01-2017,26.7,14.4,48.9,1015.1,157.5,222.8,16.6,0,0
22-01-2017,27.7,14.5,46.3,1015.7,124,228,19.1,0,0
23-01-2017,28.7,13.8,43.1,1014.9,124.5,230.1,18.4,0,0
24-01-2017,28.5,14.9,45.2,1014.3,140.3,221.8,16.6,0,0
25-01-2017,28.2,14.4,44.8,1014.4,139.2,214,14.8,0,0
26-01-2017,27.1,14.9,48.2,1014.2,173,209.2,22.3,0,0
27-01-2017,25.4,13.6,49.8,1014.3,259.5,241.8,20.5,0,0
28-01-2017,27.6,12.4,41.6,1013.3,134.2,233.8,28.8,0,0
29-01-2017,28.2,12.7,39.5,1013.5,148.6,240.1,16.6,0,0
30-01-2017,27.6,13.7,43.9,1013,150.5,237.7,16.6,0,0
31-01-2017,27.1,14,46.4,1012.4,218.9,234.5,18.4,0,0
01-02-2017,26.5,13.7,47.3,1012.3,138.9,239.6,14.8,0,0
02-02-2017,27.1,16.4,54.8,1013.4,169.7,235,18.4,0,0
03-02-2017,26.3,19,65.3,1014.2,193.7,232.9,23.8,0,0
04-02-2017,25.1,19,69.8,1013.5,209.8,225.8,20.5,0,0
05-02-2017,24.3,19.3,74.1,1014,273.8,199.6,27.7,0,0
06-02-2017,23.6,14.6,58.8,1014.1,264,245.8,24.1,0,0
07-02-2017,24.3,13.2,51.4,1013,188.7,247.4,23.4,0,0
08-02-2017,25.6,16.8,59.4,1013.1,227.1,238.8,20.5,0,0
09-02-2017,26.3,14.4,50.1,1012.3,221.8,237.8,18.4,0,0
10-02-2017,26.2,14.2,49.1,1010.7,175.3,235.3,16.6,0,0
11-02-2017,24.7,16.4,62.1,1012.4,244.2,252.8,22.3,0,0
12-02-2017,24.9,14.8,56.8,1013.7,171.8,261.3,18.4,0,0
13-02-2017,27,15.1,50.3,1014.3,139.8,243.9,16.6,0,0
14-02-2017,28.9,14.8,44.3,1016.1,173.3,254.5,18.4,0,0
15-02-2017,29.7,14.9,42.6,1016.2,135.6,234.2,18.4,0,0
16-02-2017,29.9,14.7,41.7,1014.5,165.6,255.5,20.5,0,0
17-02-2017,30.4,14.7,39.9,1013.3,147.1,241.6,18.4,0,0
18-02-2017,31,11.9,33.6,1013.6,174,270.3,20.5,0,0
19-02-2017,29.8,14.9,43.5,1013,197.8,270.1,24.5,0,0
20-02-2017,29.2,17.3,51.5,1010.7,247,260.5,24.1,0,0
21-02-2017,26.3,21.4,75,1011,265.3,270.9,24.1,0,0
22-02-2017,26,20.6,72.7,1012.1,269.5,273.7,18.4,0,0
23-02-2017,27.8,18.3,59.2,1012.5,235.1,279.5,22.3,0,0
24-02-2017,28.7,15.1,46.9,1012.5,209.5,281,27.7,0,0
25-02-2017,29.6,12.8,38.2,1011.8,155,282.9,27.7,0,0
26-02-2017,29.6,13.3,40.4,1009.9,180.4,285.5,22.3,0,0
27-02-2017,29.3,16,47.1,1010.7,130.8,280.1,16.6,100,1
28-02-2017,29.5,13.5,40,1011.4,121.4,280.5,25.2,0,0
01-03-2017,29.9,15.8,45.6,1010.6,204.7,277.1,26.6,100,1
02-03-2017,28.7,16.5,49.9,1009.5,218.6,270.4,29.5,100,1
03-03-2017,28,18,55.9,1007.9,244.5,274.6,20.2,0,0
04-03-2017,27,19,63.9,1007.9,233.3,293.1,20.5,0,0
05-03-2017,27.7,16.3,53.8,1008.4,206.8,289.7,22.3,0,0
06-03-2017,27.2,19.3,63.3,1008,225,288.6,18.4,0,0
07-03-2017,26.7,20.3,68.9,1008.3,222.3,283.9,20.5,0,0
08-03-2017,27.4,19.9,65.2,1008.6,159.7,283,18.4,0,0
09-03-2017,27.4,19.2,63.6,1008.4,261.3,294.6,22.7,0,0
10-03-2017,26.7,19.9,66.9,1009.4,281.2,290.6,24.1,0,0
11-03-2017,26.4,16.2,54.7,1011.9,299.2,295.8,25.9,0,0
12-03-2017,25.4,12.6,46.4,1012,179.4,285.4,24.1,0,0
13-03-2017,26.8,10.1,37,1011,142.5,296.2,18.4,0,0
14-03-2017,28.3,12.3,39.7,1010.6,128.3,296.5,18.4,0,0
15-03-2017,28.2,17.6,54,1010.6,167.2,285.1,24.5,0,0
16-03-2017,28.4,17.6,55.3,1011.6,215.4,294,22.3,0,0
17-03-2017,28,20.4,65.6,1011.2,210.2,291.8,20.5,0,0
18-03-2017,28.6,19,58.2,1011.9,249.4,292.4,24.1,0,0
19-03-2017,27.7,21.8,71.3,1012.3,288.1,292,22.3,0,0
20-03-2017,28.2,22.3,71.7,1011.4,171,303.5,25.9,0,0
21-03-2017,28.5,23.1,72.9,1012,229.8,300.9,22.3,0,0
22-03-2017,29.1,21.8,66.5,1011.5,263.6,293.9,18.4,0,0
23-03-2017,28.9,21.6,65.6,1010.4,275.2,293.3,24.1,0,0
24-03-2017,28.9,22.8,70.1,1010,257.2,285.9,22.3,0,0
25-03-2017,29.9,21.7,62.3,1010,235.4,287.2,24.1,0,0
26-03-2017,30.7,21,59,1010.4,252.9,277.1,31.7,0,0
27-03-2017,32.3,20.2,51.3,1009.5,275.4,297.3,25.9,100,1
28-03-2017,30.1,25.1,75.5,1010.4,203.7,288.3,22.3,100,1
29-03-2017,29.6,25.5,79.1,1010.5,202.6,282.4,20.5,0,0
30-03-2017,29.4,25.3,79.2,1011.1,188.1,270.2,22.3,0,0
31-03-2017,30,23.5,69.7,1010.6,230.6,281.3,20.8,0,0
01-04-2017,29,23.3,71.7,1010.5,249.6,267.6,18.4,0,0
02-04-2017,29,23.2,72.7,1009.9,210.7,298.5,18.4,0,0
03-04-2017,29.3,23.4,72.1,1009.9,247.3,312.2,20.5,0,0
04-04-2017,29.5,24.5,74.5,1010.4,215.3,311.6,22.3,0,0
05-04-2017,29.4,24.4,74.7,1009.7,213.1,309.4,20.5,0,0
06-04-2017,28.9,24.1,75.6,1009,228.5,311.5,20.5,0,0
07-04-2017,28.7,20.3,61.9,1010.1,283,306.7,22.3,0,0
08-04-2017,28.8,18.8,55.9,1009.4,236.8,319.4,23.8,0,0
09-04-2017,31.1,18.5,49,1008,261.5,310.5,18.4,0,0
10-04-2017,31,21,56.7,1007.1,185.8,299.6,20.5,0,0
11-04-2017,30.5,24.9,72.9,1007.8,215.9,291.8,22.3,0,0
12-04-2017,30.4,25.4,75.1,1008.5,224.9,315.3,20.5,0,0
13-04-2017,30.7,24.1,68.8,1008.1,159.7,316.3,18.4,0,0
14-04-2017,30.3,24.8,73.5,1008,216,311.1,22.3,0,0
15-04-2017,29.9,25.5,77.6,1007.1,213.8,305.7,20.5,0,0
16-04-2017,30.6,23.1,66,1007,191.1,310.3,20.5,0,0
17-04-2017,29.8,25,75.9,1008.8,218,301.7,22.3,0,0
18-04-2017,30.9,23.5,67,1008.3,217.9,300.3,24.1,0,0
19-04-2017,30.2,24.7,72.9,1007.9,264.3,304.4,20.5,0,0
20-04-2017,29.9,24.5,73.4,1008.1,223.7,316.9,20.5,0,0
21-04-2017,30.1,24.2,70.9,1008.9,220.3,316.6,24.1,0,0
22-04-2017,30,23.9,70.4,1009.3,202,321.9,20.5,0,0
23-04-2017,30,23.5,68.6,1009.5,219.3,314.9,18.4,0,0
24-04-2017,29.8,22.4,65.1,1010.1,234.8,308.7,20.5,0,0
25-04-2017,29.6,22,64.8,1010.3,228.9,311.7,22.3,0,0
26-04-2017,29.3,22.8,68.4,1010,230.3,318,25.9,0,0
27-04-2017,29.7,23.1,68.3,1010,252.6,323.1,25.9,0,0
28-04-2017,29.6,23.7,71,1010,243.1,314,29.5,0,0
29-04-2017,29.5,23.5,70.6,1010.6,234.5,308.3,22.3,0,0
30-04-2017,29.3,23.4,71.3,1009.9,218.8,307.2,20.5,0,0
01-05-2017,30,24.4,72.6,1009.2,264.5,307,24.1,0,0
02-05-2017,29.4,24.7,76.3,1010.1,225.2,304.8,24.1,0,0
03-05-2017,29.8,25,75.9,1010,189.2,298.1,18.4,0,0
04-05-2017,30.2,25.4,76.1,1009.9,205.5,284.2,25.9,100,1
05-05-2017,30.9,26,75.3,1009.5,200,289.6,25.9,100,1
06-05-2017,30.9,25.6,73.9,1010.1,229.9,307.4,22.3,0,0
07-05-2017,30.7,24.7,70.7,1010.8,220.8,297.3,20.5,0,0
08-05-2017,31.2,24.9,70.1,1009.8,253.7,286.9,22.3,0,0
09-05-2017,30.8,24.9,71.5,1008.4,227.9,312.5,20.5,0,0
10-05-2017,30.5,25.2,74.1,1008.2,221.6,314,20.5,0,0
11-05-2017,30.7,25.5,74.5,1008.7,246.7,297.7,20.5,100,1
12-05-2017,31.2,26.1,74.9,1007.8,259.2,246.2,20.5,100,1
13-05-2017,31.2,24.5,67.9,1006.8,201,212.6,25.9,100,1
14-05-2017,31.2,25.8,73.2,1007.2,236.2,130.8,22.3,100,1
15-05-2017,30.9,25.2,71.9,1007.7,235.9,219.3,25.9,100,1
16-05-2017,30.8,25.3,72.8,1006.3,203,209.1,20.5,0,0
17-05-2017,31.2,25.5,72.2,1006.8,241.7,256.8,22.3,0,0
18-05-2017,31.1,25.4,72.1,1007.8,257.2,230.7,24.1,0,0
19-05-2017,30.8,25.1,71.8,1009.3,252.3,287.9,22.3,0,0
20-05-2017,30.8,24.3,68.4,1007.8,228.9,317.5,24.1,0,0
21-05-2017,30.7,23.4,65.5,1006.9,277.8,304.4,27.7,0,0
22-05-2017,31,24.5,68.7,1007.4,215.4,311.7,27.7,0,0
23-05-2017,31.4,25.6,71.9,1007.2,282.8,282.7,25.9,0,0
24-05-2017,31.1,26,74.7,1006.6,260,231.5,22.3,0,0
25-05-2017,31.1,25.9,74.4,1006.2,271.6,291.1,22.3,0,0
26-05-2017,31.1,25.2,70.8,1005.9,258.8,253.6,22.3,0,0
27-05-2017,31.2,25.1,70.3,1005.9,249.1,234.7,22.3,0,0
28-05-2017,31.3,25.5,71.4,1005.8,234.6,236.1,24.1,0,0
29-05-2017,31.6,26.4,74,1004.5,241.4,274.4,25.9,100,1
30-05-2017,31.7,26.6,74.8,1002.7,250.1,275.5,29.5,100,1
31-05-2017,31.7,26.3,73.3,1002,252.1,261,22.3,100,1
01-06-2017,31.4,26.3,74.8,1002.6,210.4,136.5,25.9,100,1
02-06-2017,30.8,26,76.1,1003.5,186.7,119,22.3,100,1
03-06-2017,31.3,25.5,71.7,1005.3,197.1,293.3,33.5,100,1
04-06-2017,31.2,25.5,72.3,1006,197,233.2,27.7,100,1
05-06-2017,31.3,26,73.6,1006.5,206.4,191.3,24.1,100,1
06-06-2017,31.5,25.7,71.8,1007.2,213,228.5,24.1,100,1
07-06-2017,29.6,24.7,75.4,1008.1,198.8,172.4,27.7,100,1
08-06-2017,28.6,24.7,80.3,1007.4,213.8,188.6,16.6,100,1
09-06-2017,28.3,25,83,1005.8,219.5,128.8,22.3,100,1
10-06-2017,27.9,24.8,83.5,1004.1,204.4,127.5,18.4,100,1
11-06-2017,28.4,25.5,84.4,1002.9,187.5,110.1,28.4,100,1
12-06-2017,28.3,25.5,85.2,1003.1,189.3,167.2,22.3,100,1
13-06-2017,28.3,25.4,84.5,1004.3,178.6,153.5,18.4,100,1
14-06-2017,30,26,79.5,1006,189.8,233.8,20.5,100,1
15-06-2017,29.1,25.8,82.5,1006.5,184.9,168.6,22.3,100,1
16-06-2017,30.1,26.1,79.5,1005.5,195,117.6,25.9,100,1
17-06-2017,30.2,25.7,76.9,1005.6,204.5,170.2,25.9,100,1
18-06-2017,31,26,75.2,1005.3,255.8,162.7,24.1,100,1
19-06-2017,30.8,26,75.6,1004.5,240.3,277.7,20.5,100,1
20-06-2017,30.8,25.7,74.1,1004.5,232,294.5,25.9,100,1
21-06-2017,30.1,25.5,76.4,1004.9,223.3,291.3,27.7,100,1
22-06-2017,29.5,25.8,80.7,1005.3,218.6,266.4,33.5,100,1
23-06-2017,30.5,26.1,77.5,1004.9,252.5,266.2,29.5,100,1
24-06-2017,30.4,26,77.2,1001.8,248.6,248.6,31.7,100,1
25-06-2017,26.4,24.4,89.2,1000.1,140.8,178.8,24.1,100,1
26-06-2017,27.8,25.5,87.7,1001,200.8,125.8,25.9,100,1
27-06-2017,27.8,25.7,88.5,1001.7,198.7,145.8,25.9,100,1
28-06-2017,27.4,25.7,90.8,1001.7,227.9,194.6,25.9,100,1
29-06-2017,28.5,26,86.7,1002.2,225.4,218.4,25.9,100,1
30-06-2017,29.6,26.1,81.5,1002.2,236.7,259.2,33.5,100,1
01-07-2017,28.4,25.7,85.9,1002.4,245.8,254.8,31.7,100,1
02-07-2017,27.9,25.7,88.1,1003.3,247.7,192.5,31.7,100,1
03-07-2017,29.7,25.9,80.7,1005.2,243.5,249.8,32.4,100,1
04-07-2017,29.2,25.7,81.5,1005.8,246.2,249.2,22.3,100,1
05-07-2017,29.7,25.8,79.5,1005.9,251.8,229.5,27.7,100,1
06-07-2017,29.5,25.6,79.8,1006.2,248.9,218.1,33.5,100,1
07-07-2017,29.8,25.8,79.3,1006.7,246.8,281.6,27.7,100,1
08-07-2017,29.7,25.4,78,1006.8,256.2,269.2,24.1,100,1
09-07-2017,29,25.2,80.6,1006.3,239.5,272.9,27.7,100,1
10-07-2017,29.3,25.4,79.8,1007.3,214.5,189.7,22.3,100,1
11-07-2017,29.7,25.2,76.9,1007.3,257.8,180.9,27.7,100,1
12-07-2017,29.8,24.8,74.5,1006.6,249.9,215.4,25.9,100,1
13-07-2017,28.6,25.3,82.9,1005.2,262,201.6,27.7,100,1
14-07-2017,28,25.2,85,1004.5,251.7,258.4,31.7,100,1
15-07-2017,27.5,25.1,87.2,1004.6,251,269.6,37.1,100,1
16-07-2017,28.2,25,82.9,1004.1,254.1,267.6,29.5,100,1
17-07-2017,25.7,24.6,93.6,1003.8,214.5,215.1,27.7,100,1
18-07-2017,26.1,25.1,94.1,1002.1,219.6,107,24.1,100,1
19-07-2017,26.9,25.5,92.2,1000.1,213.5,96.9,20.5,100,1
20-07-2017,27.5,25.6,89.5,999.3,234.3,175.2,27.7,100,1
21-07-2017,27.5,25.8,90.4,1000.8,239.1,253.9,37.1,100,1
22-07-2017,27.4,25.6,90.2,1002.9,239,252.5,37.1,100,1
23-07-2017,28.3,25.5,85.1,1003.6,239.7,153.1,25.9,100,1
24-07-2017,28.7,25.7,83.7,1004.5,241,244.5,33.5,100,1
25-07-2017,28.3,25.4,84.4,1004.3,244.1,238.4,25.9,100,1
26-07-2017,28.6,25.3,82.3,1004.5,243.2,283.5,25.9,100,1
27-07-2017,28.2,25.5,85.4,1005.2,247.4,275.8,27.7,100,1
28-07-2017,28.5,25.4,83.6,1006.3,247.7,280.8,27.7,100,1
29-07-2017,28.6,25.4,83.1,1007.3,240.3,293.6,25.9,100,1
30-07-2017,28.2,25,82.8,1007.6,234,272.9,29.5,100,1
31-07-2017,27.9,25.2,85.3,1007.2,229.2,276.8,24.1,100,1
01-08-2017,28.2,25.3,84.2,1007.5,235.6,298.2,26.2,100,1
02-08-2017,28.7,25.1,81.4,1007.5,227.3,298,22.3,100,1
03-08-2017,28.5,25.1,82.2,1006,238,283.4,25.9,100,1
04-08-2017,29.1,25.3,80.4,1004.2,249.7,242,31.7,100,1
05-08-2017,29,25.1,79.7,1004.1,241.9,159.7,24.1,100,1
06-08-2017,29.1,24.9,78.5,1004,250.4,259.6,20.5,100,1
07-08-2017,28.7,25.1,81.2,1005.1,236.8,252.2,22.3,100,1
08-08-2017,29.1,24.9,78.2,1006.1,237.8,256.2,22.3,100,1
09-08-2017,28.9,24.9,79.4,1005.9,235.2,219.2,25.9,100,1
10-08-2017,29.1,24.9,78.6,1006.3,244.4,257.1,24.1,100,1
11-08-2017,29.1,24.8,77.7,1007.2,251.3,257.3,25.9,100,1
12-08-2017,29,24.8,78.2,1007.9,252.1,258.6,27.7,100,1
13-08-2017,28.2,24.9,82.5,1008.2,240,222.8,24.1,100,1
14-08-2017,27.3,25,87.2,1009.4,223.8,214.5,20.5,100,1
15-08-2017,27.5,25,86.6,1009.1,203.8,204,16.6,100,1
16-08-2017,28.5,25.1,82,1007.5,229,193.2,24.1,100,1
17-08-2017,29.1,25,78.4,1005.4,277.8,230.9,25.9,100,1
18-08-2017,29.1,25,78.6,1004.3,281.8,162.8,24.1,100,1
19-08-2017,27.4,25,86.8,1004.3,234.9,221.9,22.3,100,1
20-08-2017,25.6,23.9,90.5,1003.2,209.5,105.4,24.1,100,1
21-08-2017,25.3,23.8,91.6,1002,143.1,116.2,16.6,100,1
22-08-2017,27.3,24.3,84.1,1003.5,187.7,265.1,22.3,100,1
23-08-2017,28.5,25.4,83.9,1006.3,214.3,289.3,22.3,100,1
24-08-2017,28.9,25.2,80.5,1006.5,266.6,276,29.5,100,1
25-08-2017,26.9,25.2,90.6,1004.9,261.1,200.9,29.5,100,1
26-08-2017,27.4,25.4,88.9,1002.9,288.5,150.7,16.6,100,1
27-08-2017,28,25.6,86.6,1001.9,286.8,120.5,22.3,100,1
28-08-2017,26.9,25.4,91.2,1000,254.3,141,18.4,100,1
29-08-2017,25.7,24.9,95.1,997.9,265.7,147.2,46.4,100,1
30-08-2017,27.2,25,87.7,1002.6,224.1,265.5,26.2,100,1
31-08-2017,28.6,24.9,81.1,1006.7,209.2,296.8,27.7,100,1
01-09-2017,28.1,24.9,83,1007.8,190.2,287.8,24.1,100,1
02-09-2017,28,25,84.1,1007.3,184.6,279.8,22.3,100,1
03-09-2017,27.2,25.2,89.3,1007.9,178.8,283.8,16.6,100,1
04-09-2017,28.9,25,80,1009.3,223.9,280.9,18.4,100,1
05-09-2017,28.8,24.2,76.6,1009.2,242,229.3,24.1,100,1
06-09-2017,28.9,24.3,76.7,1007.9,212.8,279,18.4,100,1
07-09-2017,29.2,24.7,77.2,1007,226.1,249.9,22.3,100,1
08-09-2017,29.5,25.6,79.9,1006.7,207.4,149.5,20.5,100,1
09-09-2017,29.1,25.7,82.3,1005.8,181,140.4,16.6,100,1
10-09-2017,29.3,26.2,83.5,1006.1,205.6,137.4,20.5,100,1
11-09-2017,30.8,26.8,80,1006.5,164.9,225.7,18.4,100,1
12-09-2017,31,25.9,74.7,1007.1,149.4,203.7,18.4,100,1
13-09-2017,28.3,25.4,84.8,1008,190,206.7,27.7,100,1
14-09-2017,29.1,25.6,82.1,1007.4,134,193.9,20.5,100,1
15-09-2017,28,24.9,83.9,1006.7,164.9,194,16.6,100,1
16-09-2017,28.1,25,83.5,1005.8,177.2,272.1,16.6,100,1
17-09-2017,27,24.8,88,1005.8,161,249.6,16.6,100,1
18-09-2017,28.2,24.5,80.8,1004.8,142,98.7,24.1,100,1
19-09-2017,27.6,25.1,86.6,1003.4,236.3,91.2,37.4,100,1
20-09-2017,24.8,23.8,94.3,1005.1,215.5,181.9,22.3,100,1
21-09-2017,26.8,24.8,89.1,1005.8,178.3,175.2,22.3,100,1
22-09-2017,27.3,24.5,84.8,1007.7,170.2,247.6,22.3,100,1
23-09-2017,28.3,24.4,79.9,1009.6,199.6,272.7,20.5,100,1
24-09-2017,28.5,24.5,79.7,1009.9,213.3,276.3,20.5,100,1
25-09-2017,28.5,24.5,78.9,1008.7,244.4,257.6,22.3,0,0
26-09-2017,28.8,24.5,78.3,1008.1,240.8,275.2,20.9,100,1
27-09-2017,29.8,25.6,78.9,1008,260.4,216.3,18.7,100,1
28-09-2017,29.9,26.3,81.5,1007.1,280.6,227.6,22.3,100,1
29-09-2017,28.9,25.8,83.7,1007.4,269.2,160.5,20.5,100,1
30-09-2017,29.3,25.7,81.3,1008.6,191.1,181.5,22.3,100,1
01-10-2017,30.1,25.9,78.5,1008,211.8,209.7,20.5,100,1
02-10-2017,30.4,25.7,76.4,1006.7,210.6,213.6,22.3,100,1
03-10-2017,30.6,25.1,72.9,1007,264.7,232.8,20.5,100,1
04-10-2017,31.4,24.5,69.3,1007.3,184,245,20.5,0,0
05-10-2017,31.2,25.4,72.5,1006,204.4,263.2,18.4,100,1
06-10-2017,30.3,24.1,71.5,1005.5,145.5,188.3,29.5,100,1
07-10-2017,28.1,24.9,83.6,1006.2,148,221.5,20.5,100,1
08-10-2017,28.3,24.5,80.7,1005.5,149.5,155.5,20.5,100,1
09-10-2017,28.5,25.3,83,1005,139.1,127.6,18.4,100,1
10-10-2017,28,25.5,86.9,1004.7,135.9,146.5,16.6,100,1
11-10-2017,27.9,25.5,87.1,1005,134.8,195,21.7,100,1
12-10-2017,29.5,25.7,80.7,1006,169.1,255.7,21.3,100,1
13-10-2017,29.1,25.8,82.9,1005.9,130.2,167.3,16.1,100,1
14-10-2017,28.2,25.7,86.7,1005.7,152.8,85.1,17.8,100,1
15-10-2017,28.2,25.7,86.5,1006.9,140.3,85,16.6,100,1
16-10-2017,29.1,26.5,86,1007.6,169.8,209.7,37.1,100,1
17-10-2017,29.7,26.4,82.9,1007.8,163.8,245.2,17.1,100,1
18-10-2017,29.9,25.8,79.3,1007.4,154.5,244.2,19.6,0,0
19-10-2017,29.8,25,76.3,1006.8,143.6,249.2,20.5,0,0
20-10-2017,28.8,23.9,75.1,1007.4,164.7,231.1,16.6,0,0
21-10-2017,29.1,25.3,80.6,1008.5,157.9,195.4,21.1,0,0
22-10-2017,29.7,25.7,79.3,1009.1,176.1,218.7,18.4,100,1
23-10-2017,30,24.9,74.9,1010.3,162.9,220.6,15.2,100,1
24-10-2017,30.3,19.9,56.5,1011.6,132.5,258.4,19.6,0,0
25-10-2017,30,19.4,54.7,1012.3,145.1,261.9,22.8,0,0
26-10-2017,30.6,19.5,52.9,1012,128.8,250.1,18.4,0,0
27-10-2017,29.9,22.3,64.5,1011.9,154.6,226.2,18.4,0,0
28-10-2017,30.1,20,57.7,1012,130.2,243.8,20.5,0,0
29-10-2017,29.7,20.3,58.6,1012.4,143.8,236.1,16.6,0,0
30-10-2017,30.1,19.2,54.5,1012.5,127.6,240.6,20.5,0,0
31-10-2017,30.6,17.7,48.7,1011.2,132,232.8,15.3,0,0
01-11-2017,30.3,16.1,44.6,1011.5,100.6,237,17.1,0,0
02-11-2017,30.2,14.4,39.5,1011.1,100.6,234.9,19,0,0
03-11-2017,29.7,14.9,42.2,1010.3,118.1,237.7,18.4,0,0
04-11-2017,29.4,15.2,43.4,1010.5,101.3,232.9,21.7,0,0
05-11-2017,29.5,15.6,43.9,1010.7,130.1,238.5,20.5,0,0
06-11-2017,30.4,19.2,52.5,1010.9,133.1,237.6,20.5,0,0
07-11-2017,29.9,20.5,58.7,1011.3,139.2,236.2,18.4,0,0
08-11-2017,29.4,20.5,60.2,1011.5,152.1,222.1,15.9,0,0
09-11-2017,29.6,18.2,52.2,1010.7,155.2,233.3,18.9,0,0
10-11-2017,29.3,19,55.3,1010.8,133.6,227.7,17.8,0,0
11-11-2017,29,18.6,55.7,1011.3,134.5,213.3,18.4,0,0
12-11-2017,28.4,15.2,47.2,1009.9,131.3,224,19.6,0,0
13-11-2017,27.7,16.4,52.5,1008.6,136.3,220.5,17.1,0,0
14-11-2017,27.4,18.3,59.6,1008.4,122.6,217.1,19.5,0,0
15-11-2017,27.9,16.3,51.6,1009,90.3,216.3,16.6,0,0
16-11-2017,27.9,16.5,51.1,1009.4,150.6,203.8,20.6,0,0
17-11-2017,28,16.8,51.9,1009.6,166.2,204.4,20.1,0,0
18-11-2017,28.1,18.5,57.2,1010.2,140.3,203.5,20.2,0,0
19-11-2017,29,16.6,48.9,1011.4,158.5,204.1,15.9,0,0
20-11-2017,29.1,19.5,57.2,1011.6,78.3,169.1,15.3,0,0
21-11-2017,29.6,22,64.2,1010.7,138,185.7,17.1,0,0
22-11-2017,30,20.5,58.5,1010.2,146.7,195.6,19.5,0,0
23-11-2017,28.6,16.9,50.6,1010.3,170,220.2,18.4,0,0
24-11-2017,27.6,18.4,58.2,1012.2,176.2,226,20.1,0,0
25-11-2017,27.6,19.8,63.6,1012.7,163.8,212.9,19.5,0,0
26-11-2017,28.9,19.6,59,1012.7,135.9,198.6,17.9,0,0
27-11-2017,28.5,18.1,55.2,1011.9,128,208.7,15.9,0,0
28-11-2017,27.9,17.9,56.3,1011.5,157.8,214.4,17.1,0,0
29-11-2017,27.8,17.6,55.6,1012,141.8,211.4,15.9,0,0
30-11-2017,28.1,16.4,50.9,1011.1,149.7,209.9,18.4,0,0
01-12-2017,28.7,15.6,45.8,1009.7,65.9,202.6,19.6,0,0
02-12-2017,29.1,16.5,47.3,1010.1,69.3,159.2,20.7,0,0
03-12-2017,28.7,19.2,57.2,1010.1,105.4,167.9,18.4,0,0
04-12-2017,28.4,20.2,63.4,1008.8,161.8,73.7,20.5,100,1
05-12-2017,23.3,21.8,91.2,1005.9,104.9,122.3,22.8,100,1
06-12-2017,25,22.1,84.2,1009.3,227.8,108.6,16.6,100,1
07-12-2017,23.8,19.4,77,1011.4,187.9,145.4,20.5,0,0
08-12-2017,25.2,20.9,77.7,1011,193.6,184.8,18.9,0,0
09-12-2017,26.3,23.7,86,1011.3,142.3,168.9,22.2,0,0
10-12-2017,26.2,22.9,82.2,1012.2,170.8,182.9,15.3,0,0
11-12-2017,25.9,20.9,74.8,1013.7,206.3,188.6,21,0,0
12-12-2017,25,19.2,70.7,1014.3,147.8,207.3,20.7,100,1
13-12-2017,24.3,16.8,63.8,1014.5,192,208.5,19.6,0,0
14-12-2017,23.9,17,65.8,1014.4,151.6,204.2,18.4,0,0
15-12-2017,25,19.1,70.2,1014.5,168.5,184.2,15.9,0,0
16-12-2017,26.8,20.7,70.1,1014.7,123.9,185.7,17.2,0,0
17-12-2017,28.1,17.6,54.9,1015.6,94.8,194,17.1,0,0
18-12-2017,27.3,14.9,47.9,1016.4,107.7,101.1,17.7,0,0
19-12-2017,27.6,14.3,45.7,1015.3,100.8,158.2,20.7,0,0
20-12-2017,26.8,12.8,44.7,1015.5,97.6,138,17.8,0,0
21-12-2017,27,13.7,46.1,1015.6,176.2,215.8,19,0,0
22-12-2017,27,15.2,50.2,1014.2,133.8,168.6,14.8,0,0
23-12-2017,26.8,14.8,49.3,1012.4,144.2,195.7,19,0,0
24-12-2017,25.9,17.5,61.3,1012.1,167.8,195,21.9,0,0
25-12-2017,25.8,18,64,1013.1,139.5,197.8,16.6,0,0
26-12-2017,27.4,15.6,50.3,1013.4,128.3,199.1,21.7,0,0
27-12-2017,26.5,14.5,48.9,1013.1,137,191.2,17.7,0,0
28-12-2017,25.9,14.6,51.3,1012.4,146,205.7,17.1,0,0
29-12-2017,25.6,16.5,58.2,1012.8,144.9,203.7,17.8,0,0
30-12-2017,25.5,16.7,59.5,1012.7,155.9,181.6,50.9,0,0
31-12-2017,25.4,17.2,61.6,1011.4,153.4,198.8,20.5,0,0
01-01-2018,25,16,58.9,1010.4,173.5,197.1,15.9,0,0
02-01-2018,24.4,15.1,57.3,1010.3,174.6,204.8,17.8,0,0
03-01-2018,25,18.9,70.3,1011.3,162.4,192.5,17.8,0,0
04-01-2018,25.2,18.9,69.8,1012.4,192.6,184.8,18.4,0,0
05-01-2018,25.2,17.6,64.3,1011.3,203.7,191.5,20.7,0,0
06-01-2018,24.7,13.4,51.3,1011.2,180.3,198.2,18.4,0,0
07-01-2018,23.6,11.4,47.5,1012.5,130.2,209.2,20.7,0,0
08-01-2018,23.6,15.4,60.9,1012.5,182.2,194.4,18.4,0,0
09-01-2018,25.4,17.8,64.4,1013.8,150.9,181.3,17.1,0,0
10-01-2018,27,16.7,55.8,1013.7,133.2,181.4,14.7,0,0
11-01-2018,28,15.9,48.9,1013.5,172.3,189.2,14.7,0,0
12-01-2018,28.5,17.4,52.4,1012.5,142.8,187.5,14.7,0,0
13-01-2018,28.6,18.6,56.5,1012.1,170,183.7,17.1,0,0
14-01-2018,28.1,20.1,62.9,1012.5,119.3,183,18.4,0,0
15-01-2018,28.7,20.6,62.6,1012.3,185,180.4,17.8,0,0
16-01-2018,29.6,19,55,1011.1,156.1,203.1,18.4,0,0
17-01-2018,28.7,18.2,54.8,1011.3,225.3,218.8,18.8,0,0
18-01-2018,28.8,16.9,50.9,1012.1,153.8,223.5,19.6,0,0
19-01-2018,27.3,15,48.5,1013.1,182.1,223.1,29.2,0,0
20-01-2018,27.2,15.9,51.6,1012.2,162.7,224.3,20.9,0,0
21-01-2018,27.3,15.7,51,1010.7,149.4,223.4,16.6,0,0
22-01-2018,26.3,17.3,59.9,1009.7,183.8,214.3,19,0,0
23-01-2018,24.7,17.6,66.5,1011,227.1,217.9,25.2,100,1
24-01-2018,24.1,14.6,56.9,1011.5,203.2,233.7,47.8,0,0
25-01-2018,25.1,14.9,54.8,1010.6,184.7,235.4,23.8,0,0
26-01-2018,25.5,14,50.4,1010.5,157.9,236.5,19.6,0,0
27-01-2018,25.3,13.2,48.7,1010.8,210.7,233.5,20.7,0,0
28-01-2018,24.9,13.6,51.2,1011.9,221.9,218.6,18.3,0,0
29-01-2018,25.9,16.3,56.8,1012.5,125.1,212.6,15.3,0,0
30-01-2018,28.2,14.1,45.8,1013,129.3,226.8,18.9,0,0
31-01-2018,28,12.6,42.3,1013.4,144.3,240.4,16.6,0,0
01-02-2018,27,14.5,48.1,1013.2,156.4,243.6,18.9,0,0
02-02-2018,27.1,16.7,54.5,1011.8,223.4,238.9,18.8,100,1
03-02-2018,27.1,16.8,54.6,1011.4,253.7,233.2,21.7,0,0
04-02-2018,27.3,15.8,50.5,1011.4,170.8,230.8,19,0,0
05-02-2018,27,17.4,56.8,1013,185.6,220.4,17.7,0,0
06-02-2018,27.4,18,58,1013.1,152.4,107.2,20.2,100,1
07-02-2018,26.9,19.4,64.9,1012.3,202,200.4,18.4,100,1
08-02-2018,26.1,20.1,71.6,1012.2,197.1,241.7,23.5,100,1
09-02-2018,26.1,16.1,57.1,1012.3,178.6,244,20.2,0,0
10-02-2018,25.5,14.6,52,1012.7,179.8,251.2,23.3,0,0
11-02-2018,24.9,18.3,67,1013.3,186.5,254.2,25.3,100,1
12-02-2018,24.3,16.9,64.8,1015.7,167.5,260.2,24,0,0
13-02-2018,25.2,17,61.2,1016.7,163.7,259.8,24,0,0
14-02-2018,28.3,17.7,53.9,1015.4,122.4,250.9,27.1,0,0
15-02-2018,30,17.3,46.8,1016,162,238.9,20.7,0,0
16-02-2018,29.2,17,49.7,1015.2,171.6,237.9,22.2,0,0
17-02-2018,29,15.1,45,1012.2,228.5,254.4,23.7,0,0
18-02-2018,28.2,13.4,41.4,1010.4,208.1,258.7,19.5,100,1
19-02-2018,28.1,15.7,48.5,1010.3,204.5,259,23.5,0,0
20-02-2018,27.6,19.3,61.6,1010.6,243.4,250.4,21.3,100,1
21-02-2018,28.1,17.3,54.6,1009.6,193.7,249.5,18.4,0,0
22-02-2018,28.6,17,51.6,1008.6,182.1,242.1,22.3,0,0
23-02-2018,28.3,20,63,1009.5,182.7,238,22.9,0,0
24-02-2018,29.5,16.4,46.9,1011.2,159.5,234.2,18.8,0,0
25-02-2018,30.8,16.2,43.3,1011.6,179.3,250.9,20.2,0,0
26-02-2018,30.6,16.2,43.6,1010.9,165.2,256.5,20.5,0,0
27-02-2018,30.8,14.9,40.1,1009.9,178.5,262.1,20.2,0,0
28-02-2018,30.6,17,45.3,1009.7,143.6,254.8,19.3,0,0
01-03-2018,28.9,18.6,55.3,1009.6,167.1,250.6,16.6,0,0
02-03-2018,29,20.6,61.7,1009.1,187.4,246.2,19.5,0,0
03-03-2018,29.1,21.6,66.1,1008.6,196.2,246.2,18.3,0,0
04-03-2018,28.5,22.5,70.6,1008.9,223.6,247.9,19.6,0,0
05-03-2018,28.4,19.2,58.6,1010.1,223.8,265.6,24.6,0,0
06-03-2018,29.6,18.2,52.3,1009.7,250.3,264.7,22.2,0,0
07-03-2018,28.7,20,60.3,1009.4,261.9,249.2,23.5,100,1
08-03-2018,27.3,20.1,65.6,1010.4,215.5,268,27.1,0,0
09-03-2018,28.6,16,47.8,1010.5,282.3,266.8,25.8,0,0
10-03-2018,28.6,20.7,62.8,1010.2,297.7,263.7,22.8,100,1
11-03-2018,30.9,16.6,46.5,1010.2,199,276.6,24.7,0,0
12-03-2018,30.5,14.7,40.6,1010.4,238.3,269.4,25.2,0,0
13-03-2018,31.1,9.6,28.6,1010.3,273.8,264.2,23.7,100,1
14-03-2018,31.2,10.9,32.5,1009.8,232.1,268.7,24,0,0
15-03-2018,28.1,18.7,57.3,1010.1,245.8,145.9,18.4,100,1
16-03-2018,28.8,17.9,53.3,1009.4,175,251.6,23.3,100,1
17-03-2018,28.9,19,57.4,1009.3,206.9,257.9,24,0,0
18-03-2018,28.6,21.2,65.8,1009.8,246.2,257.2,23.3,100,1
19-03-2018,28.5,20.3,61.9,1011.8,240.8,299.9,24,0,0
20-03-2018,28.1,22,70.6,1011.4,226.5,301.1,24,0,0
21-03-2018,28,20.2,64.9,1011.2,255,304.6,28.9,0,0
22-03-2018,27.1,18.8,62.2,1010.6,252.9,313.7,27.1,0,0
23-03-2018,27.1,19.7,64.8,1010.5,210.7,198.6,29,0,0
24-03-2018,28.6,20.9,64.6,1010.6,287.7,288.8,24.1,0,0
25-03-2018,31.9,18.8,52.2,1010.7,173.2,208.2,20.6,0,0
26-03-2018,32.4,15.8,41.5,1010.5,198.3,287.4,25.9,0,0
27-03-2018,29.2,25.1,79.5,1010.4,227.1,252.7,24.1,0,0
28-03-2018,28.6,24.1,77.2,1010.3,189.4,284.9,24.1,0,0
29-03-2018,28,23.7,78.3,1010,217.6,307.9,24,0,0
30-03-2018,28.3,23.5,75.5,1009.2,237.8,301.7,25.8,0,0
31-03-2018,28.5,23.6,75.2,1008.9,215.4,248.6,22.9,0,0
01-04-2018,28.4,22.6,71.9,1008.3,211.7,283,21.7,0,0
02-04-2018,28.7,21.9,67.6,1009.4,180.3,306,22.5,0,0
03-04-2018,28.9,21.8,66.7,1009,201.5,297.6,22.4,0,0
04-04-2018,29.3,22.8,68.8,1007,219.3,292.6,23.1,0,0
05-04-2018,29.5,23.2,69.8,1006.2,211.8,229.6,21.9,0,0
06-04-2018,29.4,22.8,68.4,1007.6,240,185,28.3,0,0
07-04-2018,29.6,23,68.7,1008.7,207.9,275.5,24.6,0,0
08-04-2018,29.3,22.8,69,1009,174.7,300.7,24,0,0
09-04-2018,29.6,20.7,61.1,1009.4,222.3,307.6,29,0,0
10-04-2018,29.3,23.2,71,1008.3,191.1,301.5,25.8,0,0
11-04-2018,29.4,23.8,72.3,1009,219.7,286.5,24.7,0,0
12-04-2018,29.3,24.1,73.9,1008.4,227,309.6,26.5,0,0
13-04-2018,29.3,24.6,76.2,1008.3,211.3,314,26.5,0,0
14-04-2018,29.4,24.5,75.8,1008,213.4,297.1,25.9,0,0
15-04-2018,29.6,24.7,75.3,1008.6,208.1,277.7,25.9,0,0
16-04-2018,30.4,25.1,73.6,1009.3,242.7,299,25.9,0,0
17-04-2018,31.6,25.7,71.8,1009.6,227.2,289.1,24,0,0
18-04-2018,31.8,25.4,70.2,1009.8,225.8,297.9,21.7,0,0
19-04-2018,31.5,23.7,64.8,1007.5,207.3,265.2,23.5,0,0
20-04-2018,30.4,23.6,67.5,1008.6,213.6,313.6,23.6,0,0
21-04-2018,30.2,24.3,71.2,1008.5,243.2,297.5,25.8,0,0
22-04-2018,31.2,21.6,60.1,1008.4,259.7,322,22.8,0,0
23-04-2018,30.1,23.5,68.4,1008.7,198.6,322.8,27.1,0,0
24-04-2018,31,23.5,66.8,1008.6,225.2,328.2,27.1,0,0
25-04-2018,30.3,23.3,67.5,1008.1,254.1,328.4,27.1,0,0
26-04-2018,29.3,23.5,71.4,1007.8,217.4,326.4,25.8,0,0
27-04-2018,29.4,23.9,73,1008.5,215,324.1,25.3,0,0
28-04-2018,29.5,24.1,73.2,1008.9,223.7,312.4,22.2,0,0
29-04-2018,30,24.3,72.1,1008.7,223,312.8,24.7,0,0
30-04-2018,29.8,24.2,72.2,1007.8,234.9,312.6,22.2,0,0
01-05-2018,29.9,24.4,72.7,1008.2,217,315.3,25.9,0,0
02-05-2018,29.8,24.3,72.8,1008.4,222.2,320.6,22.3,0,0
03-05-2018,30.3,24.5,72,1008,195.3,300.5,22.3,0,0
04-05-2018,30.5,24.7,71.6,1008.2,193.6,292.9,24.1,0,0
05-05-2018,30.6,24.5,70.6,1008.6,244.6,177.7,22.9,0,0
06-05-2018,30.6,25.4,74.2,1009.1,198.8,274.7,22.3,0,0
07-05-2018,30.9,24.1,67.9,1009,232.4,253.3,22.3,0,0
08-05-2018,30.5,24.3,70.2,1007.2,223,308.7,25.8,0,0
09-05-2018,31,24.8,70,1007.6,222.2,312.9,27.1,0,0
10-05-2018,30.9,26,75.4,1008.7,246.7,283.8,24.6,0,0
11-05-2018,31.3,25.2,70.3,1008.4,256.7,285.4,22.8,0,0
12-05-2018,31,24.1,67.4,1008.7,264,200.5,22.8,0,0
13-05-2018,30.8,25.2,72.7,1007.6,199,293,24,0,0
14-05-2018,31.2,25,70.3,1008.2,259.3,302.1,25.9,0,0
15-05-2018,31,24.9,70.3,1007.5,256,299.8,25.8,0,0
16-05-2018,31,25.3,72.4,1006.3,236.8,240.2,22.2,0,0
17-05-2018,31.5,26.4,74.8,1005.7,271.3,233.2,24.6,100,1
18-05-2018,31.7,26.3,73.4,1006.7,243.5,232.9,20.5,100,1
19-05-2018,31.5,25.8,72.6,1006,237.5,184.6,23.6,0,0
20-05-2018,31.2,25.2,70.7,1006.4,203.2,242.1,21.1,0,0
21-05-2018,31.4,25,69.3,1006.6,240.3,151.4,23.5,0,0
22-05-2018,31,24.7,69.5,1007,215.1,272.3,24.1,0,0
23-05-2018,30.9,25,71,1006.1,269.8,291.7,16.6,0,0
24-05-2018,31.5,24.9,68.4,1006.3,255.3,229.4,22.9,0,0
25-05-2018,31.1,24.8,69.2,1006.1,296.3,271.6,26.5,0,0
26-05-2018,31.6,26,72.7,1004.5,306.2,221.6,21.9,100,1
27-05-2018,31.8,26.8,75.1,1004.2,292.2,144.3,24.6,100,1
28-05-2018,31.4,26,73.3,1003.5,281,182.7,28.3,100,1
29-05-2018,31.6,25.7,71.3,1004,266.1,158.1,25.3,100,1
30-05-2018,31.7,25.8,71.7,1003.8,253.8,219.4,21.1,100,1
31-05-2018,31.8,25.8,70.8,1004.4,252.9,249.5,23,100,1
01-06-2018,32.2,25.9,69.8,1005.5,257.5,203.1,28.3,100,1
02-06-2018,31.3,26,73.8,1006.4,208.8,179.6,23.1,100,1
03-06-2018,30.2,24.9,74.2,1005.5,195.9,111.6,18.4,100,1
04-06-2018,30.7,25.6,74.9,1004.5,201.8,116.8,23.3,100,1
05-06-2018,29.7,24.4,74,1004.6,179.8,169,18.9,100,1
06-06-2018,31.6,26.6,75.3,1006.4,239.8,148.8,25.3,100,1
07-06-2018,28.5,26.3,88,1004.8,211.1,104.9,18.3,100,1
08-06-2018,30.6,26.6,79.6,1001.6,198.8,88.9,24.7,100,1
09-06-2018,27.4,26.2,93,1001.1,182.3,117.7,31,100,1
10-06-2018,30.9,27.3,81.4,1001.7,246.5,178.2,30,100,1
11-06-2018,31.1,27,79,1003.2,247.3,168.7,31.7,100,1
12-06-2018,31,26.6,77.6,1003.4,238.5,210.9,27.7,100,1
13-06-2018,31.2,26,74,1004,238.4,221.2,25.4,100,1
14-06-2018,31.2,25.8,73.5,1005.1,232,249.4,22.3,100,1
15-06-2018,30.5,24.8,71.7,1005.6,224,272.5,26.6,100,1
16-06-2018,27.5,24.4,83.6,1006.8,158.8,255.4,18.4,100,1
17-06-2018,27.2,25.2,88.8,1005.9,184.8,287.3,33.5,100,1
18-06-2018,27.5,25.2,87.4,1004.4,172.2,194.4,21.8,100,1
19-06-2018,29.2,25.5,80.9,1003.8,188.9,183.3,22.3,100,1
20-06-2018,30.6,26.2,77.7,1003.7,248.3,108.4,20.1,100,1
21-06-2018,30.9,26.1,75.8,1004.1,287.8,151.9,23.3,100,1
22-06-2018,30.7,26.3,77.5,1004,262.3,129.3,29,100,1
23-06-2018,26.6,24.8,90.3,1004,186.3,115.9,20.5,100,1
24-06-2018,25.9,24.7,92.9,1003.7,213.2,132.7,25.9,100,1
25-06-2018,27.3,25.7,91.6,1002.3,254.7,123.8,27.7,100,1
26-06-2018,29.3,25.7,81.2,1001.7,241.8,186.1,29,100,1
27-06-2018,30,25.9,78.9,1001.2,237.5,228.5,25.9,100,1
28-06-2018,27.1,25.2,89.6,1001.6,172.7,220.4,22.4,100,1
29-06-2018,28,25.7,87.7,1002.3,175.1,153.9,17.2,100,1
30-06-2018,28,24.9,83.9,1004.2,168.4,188.2,24.1,100,1
01-07-2018,28.7,24.6,79.1,1005,176.3,243.8,22.9,100,1
02-07-2018,27.7,25.1,86.4,1004.6,192.5,174,22.3,100,1
03-07-2018,25.9,24.9,94.6,1004.8,156.3,184,27.2,100,1
04-07-2018,27.6,25.2,86.8,1004.6,225.8,169.7,31.3,100,1
05-07-2018,28.7,26.3,87,1004.9,252.8,133.5,22.3,100,1
06-07-2018,28.9,26.1,85.2,1004.8,256,183,24.6,100,1
07-07-2018,27.8,25.7,88.6,1003.8,259.1,84.8,26.4,100,1
08-07-2018,25.8,24.8,94.3,1003.2,172.8,172.3,21.1,100,1
09-07-2018,25.5,24.8,95.9,1003,178.6,128,23.7,100,1
10-07-2018,26.4,25.3,93.8,1003,246,156.7,25.8,100,1
11-07-2018,28.8,26.1,85.4,1002.9,254.2,207.3,24.1,100,1
12-07-2018,28.7,25.8,84.2,1002.2,252.5,120.8,28.3,100,1
13-07-2018,28.1,25.6,86.8,1001.5,247.7,156.1,32.3,100,1
14-07-2018,28.2,25.9,87.4,1000.8,248.5,260.2,35.3,100,1
15-07-2018,27.3,25.7,91.2,999.6,250.3,87.8,35.4,100,1
16-07-2018,27.5,25.7,90.3,1000.5,255.3,166.6,116.7,100,1
17-07-2018,27.7,25.2,86.4,1001.6,247.4,209.1,30.2,100,1
18-07-2018,28.3,25.2,83.5,1003.2,250.1,202,27.8,100,1
19-07-2018,28.6,25.3,82.7,1003.6,249.8,224.1,26.5,100,1
20-07-2018,27.8,25.1,85.6,1003.2,247.9,138.5,24.6,100,1
21-07-2018,27.8,25.2,85.8,1004.2,244,193.2,25.9,100,1
22-07-2018,28,25.1,84.5,1004.3,248,173.9,29.5,100,1
23-07-2018,27.9,25.2,85.3,1003.8,240.6,191.8,34.9,100,1
24-07-2018,28.1,25.2,84.6,1005.2,242.3,195.1,22.9,100,1
25-07-2018,28.6,24.6,79.5,1005.9,241.8,172.1,24.2,100,1
26-07-2018,28.1,24.9,83,1006.5,238.6,214.9,24.1,100,1
27-07-2018,27.9,24.9,83.9,1005.5,227.9,230.9,27,100,1
28-07-2018,28.6,25.2,82.3,1005.7,231.9,246.8,30,100,1
29-07-2018,28.7,25.2,81.7,1005.8,230.6,224.6,25.9,0,0
30-07-2018,28.7,25,80.2,1005.4,233.3,265.5,27.1,100,1
31-07-2018,28.7,24.9,80.3,1005.6,238.1,251.6,27.3,100,1
01-08-2018,28.6,25.1,81.5,1006.1,237.8,212.2,28.7,100,1
02-08-2018,28.5,25.1,81.8,1007.6,240.3,257.8,24.1,100,1
03-08-2018,28.4,25.1,82.6,1008.5,243.3,214.8,24.7,100,1
04-08-2018,27.9,24.8,83.7,1008,248.8,180.5,27.7,100,1
05-08-2018,28.6,24.7,79.4,1007.8,247.1,273.4,27.7,100,1
06-08-2018,28,24.5,81.5,1006.3,243.2,253.4,26.5,100,1
07-08-2018,28.3,24.5,80,1004.4,240,237.7,25.9,100,1
08-08-2018,28.5,25,81.2,1003.6,241.6,168.4,27.7,100,1
09-08-2018,27.9,24.9,84.1,1006.5,245.7,249.1,26.7,100,1
10-08-2018,28.2,25.1,83.7,1008.4,252.9,283,29.5,100,1
11-08-2018,27.7,25.1,85.8,1007,259.9,260.5,29.5,100,1
12-08-2018,27.3,24.5,84.9,1003.8,244.7,264.3,29.5,100,1
13-08-2018,27.2,24.7,86.2,1003,247.1,206,26,100,1
14-08-2018,28.5,25.1,82.3,1004,261,259.6,28.4,100,1
15-08-2018,27.4,24.7,85.3,1003.9,265.7,172,33.5,100,1
16-08-2018,27.4,24.9,86.6,1003.3,276.2,210.3,30.7,100,1
17-08-2018,27.3,24.7,85.9,1002.6,260,188.1,32.5,100,1
18-08-2018,27.3,24.7,86.1,1004,249.8,233.7,31.1,100,1
19-08-2018,27.7,25,85.8,1004.9,258.7,277.5,28.3,100,1
20-08-2018,27.3,24.5,85,1005.4,261.1,247.5,33,100,1
21-08-2018,26.9,24.6,87.4,1005.3,251.7,102.5,25.9,100,1
22-08-2018,27.1,24.8,87.5,1006.4,244.4,269.2,22.3,100,1
23-08-2018,27.4,24.7,85.1,1007.6,247.5,231.6,24,100,1
24-08-2018,27.5,24.5,84.1,1007.4,248.7,245.8,22.2,100,1
25-08-2018,27.4,24.3,83.2,1006.7,248.5,211.9,25.9,100,1
26-08-2018,27.1,24.4,85.1,1005,243.1,217.7,23.1,100,1
27-08-2018,27.3,24.3,83.9,1005.1,236.5,181.9,24.7,100,1
28-08-2018,27.1,23.8,82.4,1005.5,249.8,198.9,20.5,100,1
29-08-2018,28.1,24.3,80.1,1007.1,247.4,270.2,21.1,100,1
30-08-2018,28.1,24.4,80.2,1007.5,265.7,283.2,25.8,100,1
31-08-2018,28.3,24.2,78.6,1007.9,258.8,279.5,27.7,100,1
01-09-2018,28.1,24.3,80.4,1008.5,252.5,279.8,25.3,100,1
02-09-2018,27.7,24.1,80.7,1008.5,248.7,284.2,24.8,100,1
03-09-2018,27.9,24.1,79.7,1008.6,258.3,262.4,28.3,100,1
04-09-2018,28.1,24,78.3,1009.6,259.6,280.6,26.5,100,1
05-09-2018,28.2,23.8,77.2,1009.2,268.3,207.3,27.7,100,1
06-09-2018,28.3,23.3,74.4,1008.2,270.5,222.2,24.6,0,0
07-09-2018,28,22.8,73.7,1008,264.5,258.8,24.7,100,1
08-09-2018,28.3,22.7,72.1,1008.1,249,275.3,24.7,100,1
09-09-2018,27.8,23,75.6,1009.2,199,296.4,21.1,0,0
10-09-2018,28.1,23.1,74.9,1011.8,231.1,286.1,21.1,0,0
11-09-2018,28.1,23.1,74.6,1012.4,220.7,285.5,25.3,0,0
12-09-2018,28,23.1,75.1,1010.7,238.5,281.9,24.1,0,0
13-09-2018,28,23.3,75.6,1009.3,215.1,256.9,19.4,100,1
14-09-2018,27.5,23.8,80.3,1009.8,173,245.9,13,100,1
15-09-2018,28.3,24.6,80.7,1010.4,185.8,264.6,21.1,100,1
16-09-2018,28,24.4,81,1009,184.2,283,21.1,100,1
17-09-2018,28.5,23.5,75,1008.2,195.4,296.4,25.1,0,0
18-09-2018,28.5,23.2,73.5,1008.8,210.3,288.1,24.1,100,1
19-09-2018,27.3,23.2,78.7,1008.8,281.3,245.4,14.8,100,1
20-09-2018,27.9,24.3,80.7,1006.8,270.1,249.4,20.5,100,1
21-09-2018,28.8,25,80.3,1005.6,188.2,212.6,22.9,100,1
22-09-2018,28.9,25.7,83.3,1007.4,236.3,131.1,24.2,100,1
23-09-2018,28.8,25,80.6,1011,201.8,240.1,19.9,0,0
24-09-2018,28.8,25.1,80.7,1011.2,218.7,254.7,19.6,0,0
25-09-2018,28.9,24.2,76.2,1010.7,215.4,276,24.7,0,0
26-09-2018,29.3,24.3,75.2,1008.8,196.2,263.8,22.2,100,1
27-09-2018,29.3,24.9,77.5,1008.6,243.7,233.4,25.9,100,1
28-09-2018,29.2,24.7,77.2,1009,161.1,123.2,19,100,1
29-09-2018,29.5,24.8,76.3,1009.7,181.4,158.1,21.9,100,1
30-09-2018,31.5,24.3,67.1,1008.8,122.2,245.4,19.6,100,1
01-10-2018,31.3,23.1,62.6,1008.4,202.4,251.9,76.9,100,1
02-10-2018,30.9,23.5,65.5,1009.3,183.8,229.3,17.1,100,1
03-10-2018,30.7,24,67.8,1009.1,187.6,107.8,20.5,100,1
04-10-2018,30.4,23.2,66.1,1009.1,151.1,104.3,22.3,100,1
05-10-2018,31.3,22.6,60.8,1009.3,114.9,129.3,16.6,100,1
06-10-2018,31.7,21.9,57.8,1009.2,131.7,144.8,17.1,100,1
07-10-2018,32.1,23.5,62.4,1008.6,148.7,232.5,22.3,0,0
08-10-2018,31.4,25.5,72.2,1008.4,189.1,204.3,18.4,100,1
09-10-2018,30.6,26.2,77.9,1008.7,206.3,177.3,21.1,0,0
10-10-2018,30.2,25.9,77.8,1008.5,250.8,215.7,22.9,0,0
11-10-2018,30.4,25.5,75.7,1008.5,238.6,244.1,23.5,0,0
12-10-2018,30.8,25.2,73.3,1008.8,176.3,225.3,21.1,0,0
13-10-2018,31.8,24.7,68,1010.2,142.4,237.1,19,0,0
14-10-2018,31.4,22,59.6,1011.3,178.7,243.8,20.2,0,0
15-10-2018,31.5,21.5,57.1,1011.4,143.6,205,22.3,0,0
16-10-2018,31.1,21.4,57.3,1011.5,162.6,212.1,19,100,1
17-10-2018,30.1,24,70.4,1011.4,168.5,150.7,20.5,100,1
18-10-2018,28.9,23.9,74.8,1011.3,194.7,91,22.9,100,1
19-10-2018,28.8,23.1,71.9,1011.3,139.2,168.3,20.2,100,1
20-10-2018,30.3,24.3,71.1,1012.1,181.9,225.4,19.3,100,1
21-10-2018,30.2,25.4,76.2,1012.9,215.4,221.4,18.4,100,1
22-10-2018,31.1,24.6,70,1012.1,182.5,207.1,16.6,100,1
23-10-2018,31,18,49.5,1011.7,198.8,251,19.5,0,0
24-10-2018,30.7,15.6,43,1011.2,137.7,259.7,18.8,0,0
25-10-2018,30.3,19.9,55.1,1012.2,155.5,234.2,17.8,0,0
26-10-2018,31.1,18.9,50.3,1013.4,157,186,17.8,100,1
27-10-2018,30.7,19.4,52.5,1013.6,165.9,239.7,19,0,0
28-10-2018,30.6,16.7,46.5,1012.4,97.9,240.7,21.3,0,0
29-10-2018,30.4,14.4,41,1011.5,147.4,257.3,15,0,0
30-10-2018,29.8,14.6,41,1010.9,169.2,245.7,19.6,0,0
31-10-2018,29.6,15.6,44.1,1011,142.8,250.4,20.2,0,0
01-11-2018,30.1,19,53.3,1010.6,165.5,247.5,21.1,0,0
02-11-2018,30.6,19.4,54,1010,160.5,241.5,19,0,0
03-11-2018,31.1,21.8,58.9,1010.4,148.1,239.2,21.3,0,0
04-11-2018,31,23.2,64.3,1011,177,169,22.8,100,1
05-11-2018,30.1,22.7,65.6,1011.6,200.3,58.5,17.1,100,1
06-11-2018,31.2,23.2,63.7,1011.7,192.6,178.2,22.9,100,1
07-11-2018,30.3,15.8,42.8,1012,164.8,232.4,21.9,0,0
08-11-2018,29.4,17.8,51,1011.1,156.5,233.8,17.1,0,0
09-11-2018,30.2,20.6,58.5,1010.2,184.1,227.8,18.9,0,0
10-11-2018,30.3,19.4,53.7,1011.2,163.7,222.7,18.3,0,0
11-11-2018,29.3,18.4,53.5,1012,125.3,228.4,19.6,0,0
12-11-2018,29.1,18.2,54.4,1011.4,141.2,235.1,19.6,0,0
13-11-2018,28.3,20.1,62.1,1010.1,169,224.8,18.4,0,0
14-11-2018,27.6,21.8,71.2,1010.1,188.4,219.8,22.9,0,0
15-11-2018,28.9,19.8,60.8,1011.4,140.9,224.5,19.6,0,0
16-11-2018,29.4,15.7,45.8,1011.6,157.2,234.4,20.7,0,0
17-11-2018,29.1,16.6,49,1010.4,150.8,234,19.5,0,0
18-11-2018,28.7,19.7,59.7,1011,167.1,221.6,17.1,0,0
19-11-2018,28.8,22.6,70.3,1012.6,150.7,190.5,19.6,0,0
20-11-2018,29.6,22.6,67,1013.2,161.9,184.7,15.9,100,1
21-11-2018,30.2,21.2,59.9,1012.8,155.8,153.1,18.3,0,0
22-11-2018,30.3,21,58.6,1012.8,145,182.4,17.1,0,0
23-11-2018,30,18.5,52.5,1014.5,127,217.8,22.3,0,0
24-11-2018,29.3,17.8,51.9,1015.3,153.1,216.4,20.7,0,0
25-11-2018,28.8,18.5,55.1,1014.1,145.4,193.9,16.6,0,0
26-11-2018,28.8,18.6,55.6,1012.1,109.7,181.6,14.7,0,0
27-11-2018,29,15.9,47.5,1012.3,133.6,205.4,17.7,0,0
28-11-2018,28.6,16.1,49.7,1013.1,160.4,161.3,19.4,0,0
29-11-2018,28.5,15.7,49.6,1014.5,150.7,198.3,19.4,0,0
30-11-2018,28.4,14.8,45.5,1014.5,160.3,209.3,17.1,0,0
01-12-2018,28,14.7,46.2,1012,113.6,129.3,15.2,0,0
02-12-2018,27.3,15.1,48.6,1010.5,164.9,189.4,15.9,0,0
03-12-2018,27.5,17.3,54.7,1011,161.9,166.4,17.8,0,0
04-12-2018,28.7,17.3,52.1,1012.3,134,111,20.7,0,0
05-12-2018,28.4,18.2,55.1,1011.4,116.8,188.6,17.1,0,0
06-12-2018,28.3,15.9,48.7,1010.9,158.8,203.5,21.3,100,1
07-12-2018,27.8,16.1,50,1011,183.3,203.5,18.9,0,0
08-12-2018,27.5,16.1,51.1,1012,148,211.1,18.6,0,0
09-12-2018,26.1,15,51.4,1011.6,192.8,211.6,23.5,0,0
10-12-2018,25.8,13.6,49.7,1012.1,159.5,208.4,19.5,0,0
11-12-2018,25.5,13.5,49.3,1012.8,137.9,214.8,18.8,0,0
12-12-2018,26,17.8,61.4,1013.5,228.2,204.6,18.5,0,0
13-12-2018,26,13.8,48.6,1014.4,144.5,210.4,26.3,0,0
14-12-2018,26.9,10.9,37.2,1014,68.7,192,24.1,0,0
15-12-2018,27.5,11.9,38.5,1013.9,72.7,188.1,25.9,0,0
16-12-2018,27,13,43.1,1014.2,129.8,189.3,24.6,0,0
17-12-2018,25.2,10.5,41,1013.8,156.7,202.5,22.5,0,0
18-12-2018,25.5,12.9,46.7,1014.3,152.5,209.7,20.7,0,0
19-12-2018,24.9,11.9,45.6,1014.8,173.3,223.9,20.6,0,0
20-12-2018,24.8,12.1,47.2,1014.4,195,223.3,21.3,0,0
21-12-2018,25.8,15.2,53.3,1013.4,152.6,215.3,15.9,0,0
22-12-2018,26.1,15.1,52.6,1012.9,146.3,216.4,17.7,0,0
23-12-2018,26.8,15.5,51,1012.9,152.8,206.2,20.2,0,0
24-12-2018,26.8,17,55.9,1012.9,151.7,194.8,16.6,0,0
25-12-2018,26.5,17,57.3,1012.9,198.6,199.2,17.6,0,0
26-12-2018,24.4,10.1,42.5,1013.9,252.6,203.3,20.6,0,0
27-12-2018,23.4,5.9,34.8,1013.8,115.4,225.6,22.5,0,0
28-12-2018,24.5,6.4,32.5,1012.9,92.3,222.1,21.3,0,0
29-12-2018,24.8,5.7,30.3,1014.5,165.5,222.7,16.6,0,0
30-12-2018,24.9,6.7,33.3,1016,116.2,217.3,20.2,0,0
31-12-2018,25.1,8.8,37.3,1017,137.3,210.2,17.7,0,0
01-01-2019,24.9,11.2,45.2,1017.1,122.5,217.1,19,0,0
02-01-2019,24.8,12.8,49,1017,134.4,217,17.1,0,0
03-01-2019,24.8,13.4,52.3,1017.4,140.5,212.4,14.7,0,0
04-01-2019,25.6,13.1,48,1016.1,122.5,214.2,17.1,0,0
05-01-2019,24.6,13.8,52.9,1014.8,169.9,204.1,18.4,0,0
06-01-2019,24.4,14.2,54.9,1014,235.8,215.4,19.6,0,0
07-01-2019,24.9,11.5,44.7,1013.8,135.4,214.9,62.8,0,0
08-01-2019,25,10.6,41.9,1013.9,160.6,219.4,21.3,0,0
09-01-2019,23.6,12.7,52.2,1013.6,162.2,220.8,17,0,0
10-01-2019,24.5,12.2,49.1,1012.6,202.9,219.4,19.6,0,0
11-01-2019,24.2,14.7,57,1013.3,183.6,214.5,21.3,0,0
12-01-2019,23.7,15.3,61.4,1013.5,175.1,217.8,20.6,0,0
13-01-2019,23.8,14.3,56.6,1014.2,230.1,222.1,20.1,0,0
14-01-2019,25.2,14.3,53.1,1013.2,179.4,206.7,19.5,0,0
15-01-2019,27.2,14.2,45.8,1013.7,154.1,200.1,20.2,0,0
16-01-2019,26.7,14.8,49.8,1013.8,156.1,201.4,17.8,0,0
17-01-2019,26.3,15,51.3,1012.8,126.4,208.8,18.3,0,0
18-01-2019,26.3,14.1,48.9,1012.7,161.6,217.3,22.3,0,0
19-01-2019,26.8,15.7,52.9,1013.6,157.1,213.8,16.6,0,0
20-01-2019,27,17.5,57.7,1014,177.6,209.2,16.6,0,0
21-01-2019,25.2,17.4,63.6,1013.3,252,207.9,22.3,0,0
22-01-2019,24.8,18.3,68.8,1013.8,163.5,180.3,14.8,0,0
23-01-2019,24.1,17.1,66.1,1014.8,266.2,223.6,21.9,0,0
24-01-2019,22.8,13.6,56.6,1015,205.2,233,22.3,0,0
25-01-2019,22.7,8.3,40.4,1015,220.6,240.4,29.3,0,0
26-01-2019,22.8,8.5,40.7,1015,240.2,232.8,21.1,0,0
27-01-2019,24.3,11.2,44.1,1015.5,162.2,214.4,23.3,0,0
28-01-2019,24.6,9.6,39.2,1016.5,104.7,228.1,23.5,0,0
29-01-2019,24.8,8.2,35.5,1016,121.2,233.6,21.9,0,0
30-01-2019,25.2,8.8,36.6,1015.1,152,239.1,20.2,0,0
31-01-2019,24.5,11.8,46.4,1014.1,141,235.6,21.3,0,0
01-02-2019,24.6,13.9,52.8,1014,239.3,232.3,20.2,0,0
02-02-2019,24.1,14,54.1,1012.9,177.7,228.7,18.8,0,0
03-02-2019,25.6,15.9,56.8,1013.6,184.3,216.5,21.7,0,0
04-02-2019,27.4,16.6,54.4,1015.2,166.9,230.3,21.1,0,0
05-02-2019,26.8,19,64.1,1015.1,177,225.1,19.6,0,0
06-02-2019,24.9,17.4,64.2,1013.1,242,235.3,24,0,0
07-02-2019,23.4,15.7,63.3,1014.9,245.3,242.9,27.1,100,1
08-02-2019,21.1,9.6,48.5,1016.9,180.8,247.9,30.5,0,0
09-02-2019,21.7,5,35.4,1015.4,153.3,264.6,29,0,0
10-02-2019,24.3,5.6,32,1014.7,151.1,265.2,18.4,0,0
11-02-2019,26,10.9,40.4,1014.2,182.2,259.8,22.2,0,0
12-02-2019,28.1,12.3,39.6,1014.5,129.6,239.9,20.2,0,0
13-02-2019,27.7,14.9,47,1015.7,184.3,239.4,25.8,0,0
14-02-2019,26.3,16.6,56.1,1013.7,213.6,248.3,25.8,0,0
15-02-2019,25.1,16.4,59.5,1014.5,295.8,254.7,22.6,0,0
16-02-2019,24.6,13.5,51.7,1014.8,176.4,266.5,23.3,0,0
17-02-2019,24.2,13,50.8,1013.4,172.4,262.8,24,0,0
18-02-2019,24.8,14.5,55.1,1011.1,203.9,261.2,21.3,0,0
19-02-2019,26,13.9,50.1,1011.4,181.9,260,23.1,0,0
20-02-2019,25.6,19.1,68.5,1013.2,198.3,257.3,18.4,0,0
21-02-2019,25.5,20.7,75.5,1016,214.5,250.2,25.8,0,0
22-02-2019,26.6,20,68.6,1014.4,274,247,21.3,0,0
23-02-2019,28,17.9,56,1012,201.5,260.9,18.8,0,0
24-02-2019,28,12.9,40.7,1010.8,261.2,252.2,21.1,0,0
25-02-2019,26.8,13.2,45.1,1010.5,243.9,273.9,25.8,0,0
26-02-2019,26.6,17.3,60.1,1010.5,245.1,262.5,21.8,0,0
27-02-2019,25.1,18.1,66.3,1010.4,213.7,273.3,24.7,0,0
28-02-2019,25.6,15,54.5,1011,146.3,277.8,23.4,0,0
01-03-2019,25.6,12.5,45.2,1010.1,154.4,280.2,22.9,0,0
02-03-2019,26.4,18.1,62.3,1010.1,180.3,280.3,23.5,0,0
03-03-2019,25.7,19.8,70.7,1011.5,224.8,229.7,24.1,0,0
04-03-2019,25.7,20.6,74.2,1010.7,230.3,253.3,27.7,0,0
05-03-2019,25.9,19.1,66.9,1010.6,232.1,274.7,21.7,0,0
06-03-2019,25.1,17.8,64.8,1011.8,233.7,283.2,26.4,0,0
07-03-2019,25.6,18.5,66.7,1010.7,178.3,283,21.7,0,0
08-03-2019,26.3,17,59,1012,253.2,275.6,20.6,0,0
09-03-2019,27.7,16,51.1,1012.7,250.2,281.4,24.6,0,0
10-03-2019,27.6,15.4,49.2,1012.4,253.2,285.8,24,0,0
11-03-2019,26.6,19.1,64.5,1013.7,231.8,279.9,25.8,0,0
12-03-2019,26.1,19.8,69,1014,266.4,253.6,25.3,0,0
13-03-2019,25.9,18.3,63.7,1014.7,262.8,283.4,25.8,0,0
14-03-2019,26.4,16.1,55.2,1014.5,248.1,285.8,25.6,0,0
15-03-2019,27.7,13.9,47.4,1013.1,229.1,289.5,24.1,0,0
16-03-2019,27.2,15.9,51.3,1012,218.1,290,21.3,0,0
17-03-2019,27,18.9,62.6,1012.2,205,295.9,21.3,100,1
18-03-2019,28.4,15.8,48.1,1011.5,228.3,296.6,24.6,0,0
19-03-2019,27.4,17.5,56.3,1010,229.8,304,25.8,0,0
20-03-2019,26.6,20.5,70.4,1010.3,223.7,296.7,27.1,0,0
21-03-2019,26.3,20.6,72.1,1012.3,245.5,298.8,25.8,0,0
22-03-2019,26.4,19.4,67,1012.6,215.5,304,25.8,0,0
23-03-2019,29.3,18,52.3,1011.3,240,297,24,0,0
24-03-2019,30.8,17,45,1009.5,232.8,295.5,22.4,0,0
25-03-2019,32.5,15,37.3,1008.9,171.4,292.7,27.4,0,0
26-03-2019,31.7,17.6,46.8,1010.4,195.4,296.8,26.4,0,0
27-03-2019,28.8,22.8,70.7,1012.8,190.6,300.1,23.5,0,0
28-03-2019,28.4,22.5,71.7,1011.6,224.2,300.4,22.2,0,0
29-03-2019,29,23.1,71.8,1010.3,239.5,297.9,21.9,0,0
30-03-2019,28.5,23.8,76.2,1009.9,213,294.1,24,0,0
31-03-2019,28.7,23.8,75.3,1010.8,227.3,297.7,22.9,0,0
01-04-2019,28,22.4,72.2,1011,225.5,314.8,24.6,0,0
02-04-2019,27.7,22.8,75.3,1010.5,228.5,315.6,25.3,0,0
03-04-2019,29.1,23.2,71.7,1009.4,227,302.9,29,0,0
04-04-2019,28.6,24.5,78.6,1010.6,206.8,303.5,24.1,0,0
05-04-2019,29.4,23.7,72.3,1012.1,205,297.5,22.3,0,0
06-04-2019,29.1,23.1,70.7,1011.5,193.6,305.5,22.3,0,0
07-04-2019,29.2,23.6,72.6,1009.8,175.2,300.6,26.5,0,0
08-04-2019,29.3,23.5,72.5,1008.7,205,309.4,24.5,0,0
09-04-2019,29.3,23.3,71.6,1009.8,215.8,306.7,22.2,0,0
10-04-2019,29.1,23.8,73.8,1010.3,225,302.9,24,0,0
11-04-2019,29.2,24.3,75.2,1009.5,261.3,278,27.1,100,1
12-04-2019,29.5,24.7,75.7,1009,197,283.8,25.8,100,1
13-04-2019,30.8,22.4,62,1008.7,234.8,297.5,18.4,100,1
14-04-2019,30.3,23.6,68,1009.1,210,268.7,25.3,100,1
15-04-2019,30.3,24,69.7,1009,251.3,200.9,23.3,100,1
16-04-2019,30.2,24.3,71.2,1009.1,219,234.8,24.7,100,1
17-04-2019,29.5,18.4,52.8,1011.1,316,320.8,27.6,0,0
18-04-2019,29,20.7,61.2,1010.5,241.1,323.2,28.2,0,0
19-04-2019,30.3,21.5,60.6,1008.3,262.1,323.7,27.1,0,0
20-04-2019,29.4,22.6,67.4,1007.1,201.6,328.7,24.6,0,0
21-04-2019,29.1,22.8,69.4,1007.5,224.3,325.5,23.3,0,0
22-04-2019,29.5,22.9,68.5,1007.7,234.7,330.9,27.1,0,0
23-04-2019,29.8,24.2,72.6,1008.6,227.3,323.5,27.2,0,0
24-04-2019,30,24.3,72.2,1009.2,294,314.8,24.6,0,0
25-04-2019,30.7,22.9,63.8,1008.8,273.1,310,24.2,0,0
26-04-2019,30.9,25.2,72,1007.2,284.4,305.1,25.8,0,0
27-04-2019,32,24.2,64.2,1006.2,237.3,289.2,23.3,100,1
28-04-2019,31.7,25.2,69.1,1006.4,236,266.6,27.1,100,1
29-04-2019,30.7,25.7,75,1007.2,226.9,294.8,24.1,0,0
30-04-2019,30.1,24.7,73.4,1007.2,187.8,309.6,25.3,0,0
01-05-2019,29.8,23.6,69.9,1006.2,239.6,306.7,25.9,0,0
02-05-2019,29.6,22.4,65.8,1006.7,223.9,326.8,20.7,0,0
03-05-2019,29.5,22.5,66.7,1008,228,327.7,29,0,0
04-05-2019,30.1,22.9,66,1010.8,242.5,298.9,22.9,0,0
05-05-2019,30.1,23.2,67,1011.8,273.2,319.6,24.6,0,0
06-05-2019,29.6,23.8,71.4,1009.5,247,315.5,27.7,0,0
07-05-2019,29.9,23.9,70.7,1009.4,220.4,314.6,24,0,0
08-05-2019,30.1,23.5,68.2,1010.4,280.5,284.1,26,0,0
09-05-2019,29.9,22.5,65.1,1009.7,273.9,294.9,25.9,0,0
10-05-2019,30.2,23.4,67.6,1009.1,286.8,321,24,0,0
11-05-2019,29.9,23.1,67.6,1009.9,242.3,315.6,24.6,0,0
12-05-2019,29.7,23.8,70.7,1009.1,219.4,322.1,27.1,0,0
13-05-2019,30.1,24,70.2,1008.4,247,320.1,26.5,0,0
14-05-2019,30,23.7,69.3,1008.5,245.3,326.3,24.6,0,0
15-05-2019,29.9,23.7,69.6,1009.4,227,330,26.5,0,0
16-05-2019,30,23.4,68.4,1010.1,255.2,325.3,24.1,0,0
17-05-2019,30.3,24.6,71.9,1010,233.1,302.9,24.2,0,0
18-05-2019,30.6,25.5,74.8,1008.9,215.6,304.2,20.5,0,0
19-05-2019,31.2,24.9,70.5,1008.5,219.6,309.6,24,0,0
20-05-2019,30.8,26,76.1,1008.5,237.1,309.6,28.3,0,0
21-05-2019,30.8,26.4,77.7,1008.3,239.5,294.9,26.5,0,0
22-05-2019,30.5,25.1,73.5,1008.2,281,257.2,28.3,0,0
23-05-2019,30.7,25.5,74.5,1007.6,246.6,249.3,25.8,0,0
24-05-2019,30.9,25.2,72.4,1008.6,254.2,201.5,24.8,0,0
25-05-2019,30.9,25,71.2,1007.8,259.5,236.8,26.4,0,0
26-05-2019,30.6,24.1,68.9,1007,262.2,245.8,22.2,0,0
27-05-2019,31,25.1,71.2,1006.9,277.3,270,21.8,0,0
28-05-2019,30.9,24.9,71,1006.6,256.3,292.7,26.5,0,0
29-05-2019,30.9,25.4,72.9,1005.7,273.2,291.7,27.1,0,0
30-05-2019,30.9,25,71.3,1005.6,265.5,267.9,27.1,0,0
31-05-2019,30.8,24.6,69.9,1005.5,256.2,269.3,23.5,0,0
01-06-2019,31.2,24.9,69.6,1007,246.9,285.7,23.5,0,0
02-06-2019,31.3,25.3,70.9,1006.6,261.3,295.2,23.3,0,0
03-06-2019,31.5,25.6,71.2,1006.9,248.7,228.6,22.9,0,0
04-06-2019,31.2,25.1,70.3,1006.6,262.7,187,24,0,0
05-06-2019,31.2,25.6,72.4,1005.6,282.6,230.9,25.8,0,0
06-06-2019,31.5,25.9,72.7,1006.2,271,194,25.9,100,1
07-06-2019,31.7,26.1,72.8,1006.1,260.8,253.4,23.5,100,1
08-06-2019,32.1,26.3,72,1005.4,281.7,193.6,25.9,100,1
09-06-2019,32.1,26.4,72.3,1004.5,242,135.8,25.3,100,1
10-06-2019,30.8,25.8,75.4,1002.9,217.5,148.5,22.3,100,1
11-06-2019,30.2,25.5,77.2,1000.7,153.8,203.5,21.7,100,1
12-06-2019,28.9,24.5,78.2,1000.2,146.5,223.2,77,100,1
13-06-2019,29.1,25.4,80.7,1001.6,171,286.9,38,100,1
14-06-2019,29.2,26.1,83.8,1002.8,177.9,291.6,30.4,100,1
15-06-2019,29.3,26.5,85.3,1004.4,179.4,283.8,31.9,100,1
16-06-2019,30.3,26.4,79.6,1006.1,195.3,296.2,30.1,100,1
17-06-2019,30.5,26.3,78.7,1006.7,203,300.3,29.5,100,1
18-06-2019,29,25.9,83.8,1004.7,216.4,304.8,30.8,100,1
19-06-2019,29,26.1,84.9,1004,212.3,275.4,22.3,100,1
20-06-2019,30.4,26,77.7,1005,261.7,259.4,22.3,100,1
21-06-2019,30.6,25.7,75.5,1004.8,237.5,301.4,25.4,0,0
22-06-2019,30.7,25.2,72.8,1003.8,271.5,286.9,25.8,100,1
23-06-2019,30.8,25.1,72.1,1003.1,276.5,171.2,22.9,100,1
24-06-2019,29.6,25.2,77.5,1004.2,216.8,131.7,17.8,100,1
25-06-2019,29.6,25.5,78.9,1005.2,208.8,270.2,19,100,1
26-06-2019,30.1,25.9,78.5,1004.8,198,179.3,24.1,100,1
27-06-2019,29,25.8,83.3,1003.7,205.1,164,25.9,100,1
28-06-2019,27.3,25.7,91.2,1003.5,255.1,147.2,29.5,100,1
29-06-2019,26.8,25,90.3,1003.7,223,91.3,33.6,100,1
30-06-2019,27.3,25.5,90.1,1003.6,196.9,150.9,24.6,100,1
01-07-2019,26,25.4,96.2,1002.6,224.3,120.4,25.7,100,1
02-07-2019,25.9,25.2,95.9,1003.7,132.7,141.8,14.8,100,1
03-07-2019,27.2,25.7,91.8,1003.9,178.4,114.3,18.4,100,1
04-07-2019,27.6,26.2,92.3,1003.1,203.7,201.9,25.8,100,1
05-07-2019,28.4,26.3,88.9,1001.8,252,248.5,29.9,100,1
06-07-2019,28,26.1,89.5,1000.9,245,142.3,29.5,100,1
07-07-2019,29.3,26.9,86.9,1002.1,245.8,110.1,31.7,100,1
08-07-2019,28.3,26.5,90.3,1003.3,241.9,257.8,30.7,100,1
09-07-2019,29.1,26.3,84.9,1002.6,229.9,149.8,26.5,100,1
10-07-2019,27.4,26,92.3,1002.8,251.1,183.2,25.8,100,1
11-07-2019,29.1,26.6,86.2,1005.2,240.6,167.2,25.9,100,1
12-07-2019,29.1,26.4,85.8,1006.4,222.3,215.3,24.1,100,1
13-07-2019,28.7,26.4,87.1,1007.1,240.3,206.4,24.1,100,1
14-07-2019,29.2,26.2,83.9,1007,249.8,194.8,21.3,100,1
15-07-2019,29.7,26.1,81.2,1005.7,243.8,254.9,22.9,100,1
16-07-2019,29.1,26.1,84.2,1006.4,248.8,121.3,25.7,100,1
17-07-2019,29.6,25.8,80.4,1006.2,239.7,161.2,23.6,100,1
18-07-2019,29.8,25.7,79.2,1004.2,233.6,244.7,21.1,100,1
19-07-2019,30.1,25.7,77.3,1002.7,219,275.9,23.5,100,1
20-07-2019,29,26,84.1,1001.9,154.5,241.9,18.4,100,1
21-07-2019,29.3,26.1,83.2,1000.4,189.7,213.8,19,100,1
22-07-2019,29.6,26,81.6,1000,181.9,102.6,22.2,100,1
23-07-2019,29.4,26,82.1,1000.5,179.6,213.8,21.7,100,1
24-07-2019,27,25.8,93.3,1003.5,250.1,144,29.5,100,1
25-07-2019,27.8,25.8,89.3,1005.8,245.1,188.4,21.8,100,1
26-07-2019,28,25.8,88.2,1004.7,252.2,153,31.7,100,1
27-07-2019,27.8,25.6,87.7,1004.7,251.8,124.5,33.6,100,1
28-07-2019,28.8,25.8,83.7,1004.6,260.8,192.7,30,100,1
29-07-2019,28.1,25.7,86.7,1003.8,270.5,156.3,29.9,100,1
30-07-2019,26.9,25.3,91.4,1004.5,260.4,117.3,29.5,100,1
31-07-2019,28,25.4,86.2,1005.7,254.3,167.6,31.8,100,1
01-08-2019,28.5,25.6,84.5,1005.1,254.1,289,32.9,100,1
02-08-2019,26.9,25.2,90.3,1003.9,251.6,214.4,35.3,100,1
03-08-2019,26.5,25.2,92.8,1003.3,245.5,55.9,29.5,100,1
04-08-2019,27.1,25.8,92.5,1002.5,255.9,118.6,39.6,100,1
05-08-2019,28,25.9,88.5,1002.4,261,173.1,27.7,100,1
06-08-2019,27.9,25.8,88.1,1002,256.2,153.2,27.7,100,1
07-08-2019,28.1,25.8,87.3,1001.1,253,126.9,30.8,100,1
08-08-2019,28.2,25.8,87,1000.4,255.3,136.8,31.7,100,1
09-08-2019,28.1,25.8,87.3,1000.5,245,96.9,31.7,100,1
10-08-2019,28.4,25.5,83.9,1002,240,225.5,29.5,100,1
11-08-2019,28.6,25.3,82.6,1004.3,237.5,262.7,26.6,100,1
12-08-2019,28.6,25.6,83.5,1005.1,247.8,215.2,22.8,100,1
13-08-2019,28.3,25.7,85.6,1005.3,252.1,240.8,25.8,100,1
14-08-2019,28.3,25.6,85.7,1006,254,125.1,22.3,100,1
15-08-2019,28.2,25.5,85.2,1006.7,258.2,239.9,26.6,100,1
16-08-2019,28.3,25.3,84.3,1006.4,246.8,261.1,26.6,100,1
17-08-2019,28.6,25,80.8,1006.2,234.7,281.4,24.8,100,1
18-08-2019,28.6,24.9,80.6,1007.9,240.3,285,24.1,100,1
19-08-2019,28.7,25,80.3,1009,241.1,257.9,20.5,100,1
20-08-2019,29.1,24.4,76.2,1008.9,260.8,162.1,25.4,100,1
21-08-2019,28.9,24.8,79,1008.1,260.3,282.6,24.1,100,1
22-08-2019,29,24.6,77.6,1007.4,263.9,273.7,24.7,100,1
23-08-2019,29.1,24.7,77.5,1007.3,232,269.6,25.3,100,1
24-08-2019,28.7,24.4,77.5,1007,243.2,279.8,24.8,100,1
25-08-2019,28.1,24.2,79.6,1006,217.6,194.9,21.8,100,1
26-08-2019,28.5,24.2,78.4,1005.7,194.3,184.6,26.5,100,1
27-08-2019,28.7,24.1,76.3,1004.6,225.5,286.1,24.8,100,1
28-08-2019,28.7,24.7,79.4,1004.8,180.7,293.9,25.5,100,1
29-08-2019,29.1,25.5,81.4,1005.1,197,240.4,20.5,100,1
30-08-2019,28.2,25.6,86.4,1003.8,210.9,243,25.3,100,1
31-08-2019,28.1,25.5,86.4,1002.2,242.8,154.3,21.1,100,1
01-09-2019,26.9,24.9,88.8,1003.9,238.4,116.7,29.3,100,1
02-09-2019,28.4,25.4,84,1004.8,221.4,162.3,24.1,100,1
03-09-2019,26.5,25.3,93.4,1004.3,237.5,185.7,22.3,100,1
04-09-2019,25.8,24.9,94.8,1003,254.3,125.3,25.3,100,1
05-09-2019,27.1,25.8,92.7,1002,249.4,171.2,24.1,100,1
06-09-2019,27.2,25.5,90.8,1002.5,232.8,163.4,24,100,1
07-09-2019,26.9,25.4,91.9,1002.9,219.2,235.8,25.9,100,1
08-09-2019,26.6,25.6,94,1004.4,224.7,182.9,22.8,100,1
09-09-2019,27.2,25.6,91.2,1004.5,243.8,186,29,100,1
10-09-2019,27.9,25.5,87.2,1004.2,234.3,247.8,24.8,100,1
11-09-2019,27.2,25.1,88.8,1007.1,221.4,193.1,27.2,100,1
12-09-2019,27.4,25.5,89.4,1008.4,237.7,112.4,25.9,100,1
13-09-2019,27.3,25.4,89.8,1008.7,239.2,224.2,23.5,100,1
14-09-2019,28.4,26,87.2,1008.4,257.2,256.7,24.1,100,1
15-09-2019,26.5,24.5,88.7,1009.1,212.3,254.2,22.3,100,1
16-09-2019,27.9,25.7,87.9,1008,276.5,278.6,23.5,100,1
17-09-2019,27.6,25.6,88.7,1007,245.5,243.6,23.3,100,1
18-09-2019,27.4,25.8,91.4,1006.9,221.9,179.4,92.5,100,1
19-09-2019,27.3,25,87.9,1005.8,143.7,130.7,17.8,100,1
20-09-2019,26.9,25.3,91.1,1005.7,161.5,52.8,22.9,100,1
21-09-2019,28.4,24.3,78.9,1005,159,287.2,23.3,100,1
22-09-2019,28.6,24.3,78.2,1007,173.4,238.9,22.5,100,1
23-09-2019,28.9,25,80.1,1008.8,188.3,282.1,19,100,1
24-09-2019,29,25.3,81,1007.9,218.4,183.1,24.6,100,1
25-09-2019,27.5,25.7,90,1007.1,197.2,83.5,24.8,100,1
26-09-2019,28.1,25.2,84.8,1008.5,158.9,105.8,22.8,100,1
27-09-2019,27.3,24.4,84.4,1011.7,183.1,218.4,23.5,100,1
28-09-2019,28.1,24.4,81,1011.1,183.5,262.9,22.9,100,1
29-09-2019,28.6,24.7,80.2,1011.7,180.7,225.7,24.7,100,1
30-09-2019,28.2,25.2,84.2,1011.3,201.9,237,26.6,100,1
01-10-2019,29,24.9,78.8,1011.4,218.9,246.3,21.8,100,1
02-10-2019,28.9,24.6,78.5,1012.1,203.2,265.5,20.5,100,1
03-10-2019,29.1,25.1,79.4,1011,189.4,224.9,22.3,100,1
04-10-2019,29.1,25,79,1010.8,136.7,114.9,23.5,100,1
05-10-2019,28.6,23.9,75.9,1009.8,166.2,114.9,22.2,100,1
06-10-2019,29,23.7,73.9,1009.9,202.9,116.5,19,100,1
07-10-2019,30,25.1,75.3,1010.7,199,174.1,23.3,100,1
08-10-2019,29.9,25.1,75.9,1009.8,189.8,192.8,20.7,100,1
09-10-2019,28.3,23.6,76.4,1009.6,152.8,120,21.1,100,1
10-10-2019,29.1,24.2,75.4,1009.5,155.5,120.8,16.6,100,1
11-10-2019,29.4,23.3,70.6,1009.4,201.5,178.4,18.4,100,1
12-10-2019,29.2,24,74.5,1010,150.4,181,21.1,100,1
13-10-2019,29.9,23.5,69.5,1010.8,172.9,136.3,18.4,100,1
14-10-2019,31.2,24,66.9,1010.8,142,183.3,20.1,100,1
15-10-2019,31.7,20.3,52.1,1010.4,116.5,192.1,21.7,0,0
16-10-2019,31.3,19.6,50.8,1010.2,103.3,222.2,20.5,0,0
17-10-2019,31,20.9,55.7,1010,164.8,145.9,19.5,0,0
18-10-2019,28.6,22.1,68.2,1010.1,94.7,99.6,13.4,100,1
19-10-2019,26.1,23.4,84.9,1011.5,82.6,97.1,17.1,100,1
20-10-2019,25.7,23,85.4,1011.5,81.9,84,19.4,100,1
21-10-2019,27.9,23.3,77,1009.3,155.4,124.7,21.1,100,1
22-10-2019,27.5,24.1,82.5,1008.2,148.3,128.7,15.3,100,1
23-10-2019,26.6,24.2,86.7,1006.7,148.9,142.8,16.6,100,1
24-10-2019,27.6,24.2,82.7,1005.7,121,84.2,13.5,100,1
25-10-2019,27.6,23,76.7,1004.2,65.6,98.9,25.9,100,1
26-10-2019,27.8,22.8,74.9,1006.1,98.8,106.1,24.1,100,1
27-10-2019,28.5,23.3,75,1008.9,142.4,237.1,17.1,100,1
28-10-2019,29.3,22.6,68.5,1010.4,167,218.6,16.6,100,1
29-10-2019,29.8,23.9,71.1,1010.8,156.5,198.2,19,100,1
30-10-2019,30.6,23.3,65.9,1009.7,119.2,172.9,14.7,100,1
31-10-2019,30.2,21.5,60.4,1008.7,77.8,121.4,17.8,100,1
01-11-2019,29.5,23.5,71.9,1008.2,141,84.5,22.9,100,1
02-11-2019,28.3,22.9,73.9,1011.1,147.8,204.6,23.6,100,1
03-11-2019,28.8,23.4,73.2,1013.2,175.3,247.2,19.8,100,1
04-11-2019,28.7,24.6,78.8,1013.7,161.7,219.2,25.8,100,1
05-11-2019,29.6,24.2,73.7,1011.2,208.5,220,23.5,100,1
06-11-2019,28.8,23.7,74.7,1009.1,193.6,213.3,20.5,0,0
07-11-2019,28.7,23.6,75,1008.4,169.9,236.7,24.6,100,1
08-11-2019,27.7,23.9,80.3,1009.8,220.4,235.9,22.8,100,1
09-11-2019,27.6,23.8,80.3,1010.7,180.8,241.1,18.4,100,1
10-11-2019,28.4,24.8,81.8,1011,187,240.3,18.4,0,0
11-11-2019,28.8,23.3,73.4,1010.3,155.5,228.2,16.6,100,1
12-11-2019,29.2,22.5,68.5,1010.9,161.4,213.8,14.9,100,1
13-11-2019,29.6,22.3,66.5,1012,148,144.8,16,0,0
14-11-2019,28.6,18.5,56.6,1012.2,155.3,214.5,14.2,0,0
15-11-2019,28.7,21.2,64.8,1011.6,146.5,205.5,14.1,0,0
16-11-2019,29.6,22.7,67.5,1011.6,167.3,207.8,13.6,0,0
17-11-2019,30.3,22.3,63.5,1012.4,143,178,15.2,0,0
18-11-2019,29.5,19.2,55,1012.3,147.2,189.3,21.9,0,0
19-11-2019,28.9,19.8,59.4,1011.5,145.5,176.7,14.2,0,0
20-11-2019,28.4,21.2,66,1010.8,151.5,202.3,14.1,0,0
21-11-2019,29.2,21.1,63.2,1011.6,119.9,189.5,14.9,0,0
22-11-2019,29.1,20.8,61.9,1013.1,159,198.5,15.9,0,0
23-11-2019,29,21.3,63.9,1012.8,158.9,194.4,15.9,0,0
24-11-2019,28.7,20.7,63.3,1012,166.3,210.5,14.9,0,0
25-11-2019,28.4,20.4,63.2,1011.4,158.8,211.6,15.9,0,0
26-11-2019,28.7,19.8,60.5,1010.5,126.6,214.1,15.3,0,0
27-11-2019,28.5,19.6,60.2,1010.9,163.1,210.4,17.1,0,0
28-11-2019,28.9,19.8,59,1011.4,148.9,212.9,14.8,0,0
29-11-2019,29.1,20.8,62,1011.5,126.1,200,17.8,0,0
30-11-2019,29,21.5,64.4,1011.2,139.8,192.4,13.6,100,1
01-12-2019,29.3,22.5,67.7,1011.6,140.9,141.6,14.7,100,1
02-12-2019,29.2,22,66.3,1011.2,133,207.9,16.6,0,0
03-12-2019,29.3,21.1,62.6,1011.7,168.2,200,16,0,0
04-12-2019,29.4,21.3,63,1012.4,157.7,121.2,17.2,0,0
05-12-2019,29.1,22.7,70,1014,104.9,95.2,14.8,100,1
06-12-2019,29.2,19.1,56,1013.5,126,122.9,14.7,100,1
07-12-2019,28,17.2,53,1012.8,154.3,191.5,16,0,0
08-12-2019,27.9,18.2,56.2,1013.2,146.8,183.8,13.5,0,0
09-12-2019,28.2,20.2,62.4,1012.9,150.5,181.4,14.2,0,0
10-12-2019,28.3,20.9,65.2,1011.7,164.4,181.5,15.3,100,1
11-12-2019,27.8,21.4,68.5,1010.7,176.2,190.9,17.1,100,1
12-12-2019,26.9,19.9,66.1,1010.7,175.4,188.1,16,100,1
13-12-2019,26.1,19.5,67.8,1012.8,152.1,209.7,20.2,0,0
14-12-2019,25.5,17.8,63.2,1014.4,174.1,218.4,21.1,0,0
15-12-2019,25.6,18.8,66.6,1013.2,187.8,206,17.7,0,0
16-12-2019,26,20.3,71.6,1012.8,158.8,196.1,16,0,0
17-12-2019,27.2,19.9,65.9,1013.2,124.3,203,19.6,0,0
18-12-2019,27.7,18.9,59.9,1014.2,143.9,207.2,17.2,0,0
19-12-2019,27.5,18.5,59.1,1013,114.4,206,17.2,0,0
20-12-2019,27.1,19.3,63.5,1012.1,139.8,193.8,14.7,0,0
21-12-2019,27.4,19.4,62.5,1011.7,151.1,166.5,14.8,0,0
22-12-2019,28.1,19.5,60.5,1011.3,152.5,171,14.8,100,1
23-12-2019,28.4,21.1,65.9,1011,136.3,178.3,17.1,100,1
24-12-2019,28,21.5,68.6,1012.4,149.7,166.5,15.3,100,1
25-12-2019,28.1,22,70,1012.5,169.4,115.7,16.6,100,1
26-12-2019,26.8,18,60.1,1012.3,202.1,165,21.9,0,0
27-12-2019,25.7,18.3,65.1,1011.3,138.6,211.9,13.1,0,0
28-12-2019,26.9,18.3,59.8,1011.1,126,197.9,15.4,0,0
29-12-2019,26.8,18.9,62.4,1011.5,156.6,181.2,18.4,0,0
30-12-2019,25.2,18.5,67.3,1011.8,200.3,189.3,18.4,100,1
31-12-2019,23.9,13.8,54.2,1013,215.1,209.6,15.9,0,0
01-01-2020,23,14.8,61,1013.6,166.8,213.6,13,0,0
02-01-2020,23.7,17.4,68.5,1015.8,169.5,202.9,19.6,0,0
03-01-2020,23.1,16,64.5,1015.2,197.8,197,23.3,100,1
04-01-2020,22.4,14.2,60.4,1013.7,215.9,204.5,18.7,0,0
05-01-2020,24.7,15.7,58.7,1012.5,122.6,207.5,17.2,0,0
06-01-2020,26.8,17.3,57,1013.5,124,203.1,16.7,0,0
07-01-2020,26.7,19.6,66.2,1012.7,163.4,190.3,14.8,0,0
08-01-2020,26.1,18.8,64.6,1012.9,215.8,143.8,19,0,0
09-01-2020,23.9,14.5,55.9,1013.4,205.4,219.9,19.9,0,0
10-01-2020,25.7,15.3,53.2,1012.7,162.3,204.1,14.9,0,0
11-01-2020,27.6,17.4,54.8,1013.3,152.5,194,14.9,0,0
12-01-2020,27.1,19.6,64.8,1013.3,170.6,199.2,16.7,0,0
13-01-2020,26.1,21.4,75.6,1012.3,192.3,209.6,18.1,0,0
14-01-2020,24.9,18,67.3,1012.4,193.9,206.2,20.5,0,0
15-01-2020,23.3,13.1,53.3,1013.1,249.4,209.7,22.3,0,0
16-01-2020,21.2,12.4,57.9,1014.3,181.6,229.4,19.8,0,0
17-01-2020,20.2,9.6,51.3,1014.7,191.8,232.2,20.6,0,0
18-01-2020,22.9,13.1,55,1013,168,224,14.8,0,0
19-01-2020,24.8,16.2,60.3,1013.4,145.4,221.2,16,0,0
20-01-2020,26.1,17.5,60.5,1013.2,148.5,217.5,16.7,0,0
21-01-2020,25.6,17.6,63,1014.1,191.7,222.9,16,0,0
22-01-2020,26.6,17.1,57,1014.8,130.9,217.8,13.6,0,0
23-01-2020,27.3,17.6,56.6,1013.9,140,217.9,18.7,0,0
24-01-2020,28.1,17.7,54.2,1013.4,157.5,230.8,18.7,0,0
25-01-2020,27.5,18,57.5,1013.2,163.8,201.2,18.1,0,0
26-01-2020,26.9,18.4,60.9,1011.8,166.5,220.4,16,0,0
27-01-2020,25.2,19.2,70.8,1012,253,224.4,19.4,0,0
28-01-2020,25,18.2,66.9,1012.9,228.9,190.5,15.5,0,0
29-01-2020,23,14.3,58.8,1015.7,268.4,233.3,17.2,0,0
30-01-2020,22.5,12,52.4,1014.6,188.5,250.4,20.5,0,0
31-01-2020,23.1,13.9,57.4,1012.5,207.2,244.4,21.1,0,0
01-02-2020,24.1,15.3,59.1,1012.1,132.8,242.9,17.8,0,0
02-02-2020,25.6,17.7,63.8,1013.6,176.7,241.8,17.6,0,0
03-02-2020,24.7,19.7,73.9,1014.2,180.5,230.6,16.7,0,0
04-02-2020,24.8,16.8,63.1,1013.5,215,233.5,17.2,0,0
05-02-2020,24.4,12.6,48.6,1012.9,177.2,241.2,16.6,0,0
06-02-2020,24.4,12.6,49.7,1013.2,245.7,251.2,21.1,0,0
07-02-2020,23.2,10.8,46.9,1014.4,166,251,24.8,0,0
08-02-2020,24.4,15.2,57.7,1014.1,150.7,229.4,24.1,0,0
09-02-2020,26.6,14.7,49,1014,173.8,233.4,18.7,0,0
10-02-2020,27.9,16.3,49.9,1012.7,140.6,234.5,18.4,0,0
11-02-2020,28.4,18.4,55.4,1013.2,143,220,14.2,0,0
12-02-2020,28.9,18.4,53.8,1014.8,168.1,244.4,13.6,0,0
13-02-2020,28.8,17.6,52.1,1014.7,166.6,242.3,16.7,0,0
14-02-2020,29.2,14.1,40.5,1012.9,171.2,242,20.5,0,0
15-02-2020,27.6,11.9,38.9,1012.4,176.3,249.5,20.5,0,0
16-02-2020,26.9,15.7,51.3,1012.9,240.1,248.4,18.1,0,0
17-02-2020,28.8,17.8,53.9,1013.2,127.5,241.4,15.4,0,0
18-02-2020,29.8,16.8,47.5,1012.9,177.3,245.8,17.6,0,0
19-02-2020,28.6,18,54.3,1012.1,159.4,243,16,0,0
20-02-2020,28.1,17.2,53.1,1011.6,185.5,245,18.7,0,0
21-02-2020,27.3,17.6,57.4,1013.9,228.3,251,18.7,0,0
22-02-2020,27.6,16,50.1,1014.6,194.5,254.9,14.8,0,0
23-02-2020,28.3,14.9,45.8,1013.4,180.3,256.3,18.7,0,0
24-02-2020,27.2,17.4,56.1,1011.2,161.5,264.4,16.7,0,0
25-02-2020,29.1,10,32.3,1010.5,121.3,276,19.3,0,0
26-02-2020,29.5,9.9,32.1,1011.1,178.3,278.1,20.1,0,0
27-02-2020,29.3,11.2,34.8,1011.3,168.4,278.3,20.2,0,0
28-02-2020,28,13.5,42.4,1009.8,165.4,273.9,24,100,1
29-02-2020,27.2,16.8,54.7,1009.7,186.9,258.4,20.2,0,0
01-03-2020,27.2,19,62.7,1010.7,242.2,264.4,20.5,0,0
02-03-2020,26.4,18.8,64,1011.6,202.6,274.7,21.7,0,0
03-03-2020,26.5,20,68.4,1012.2,203.9,282.3,20.7,0,0
04-03-2020,26,19.2,66.4,1011.9,250.3,246.8,24,0,0
05-03-2020,26.1,19.8,68.8,1010.8,189.6,273.8,23.6,0,0
06-03-2020,26.9,18.9,61.8,1010.8,252.4,283.2,24,0,0
07-03-2020,26,18.1,62.3,1012.7,237.7,290,24.6,0,0
08-03-2020,25.3,16.5,58.7,1012.6,188,290.1,23.5,0,0
09-03-2020,25.6,19,67.2,1011.5,210.8,285,24.1,0,0
10-03-2020,26.1,19.7,68.5,1011.2,231.2,290.5,21.1,0,0
11-03-2020,26.1,17.1,58.2,1012.2,282.8,300.5,21.9,0,0
12-03-2020,25.4,16.7,59,1013.7,235.1,273.6,24.6,100,1
13-03-2020,25.1,13.4,49.7,1014.1,201.1,304.5,25.3,0,0
14-03-2020,26.3,12.2,43.9,1011.9,158.9,308.8,18.9,0,0
15-03-2020,28.1,12.9,41.6,1010.3,177.4,300.4,23.5,0,0
16-03-2020,29.7,13.7,39.2,1011,174.2,288.7,21.9,100,1
17-03-2020,29.3,15.5,44.8,1011.6,157.8,288,24.1,100,1
18-03-2020,29.2,16.4,47.6,1012.1,197.8,286.2,20.7,0,0
19-03-2020,28.2,17.8,55.2,1012,212.2,306,22.9,0,0
20-03-2020,27.3,20.2,66.1,1012.3,249.2,300.5,21.3,0,0
21-03-2020,26.8,20.5,68.8,1012.2,214.2,295,20.2,0,0
22-03-2020,27.7,21.4,69.8,1011.7,248.2,296.3,24.3,0,0
23-03-2020,29.1,21.9,66.8,1010.1,264,295.7,24.6,0,0
24-03-2020,29.5,21.7,63.8,1008.3,190.9,283.3,22.2,0,0
25-03-2020,29.3,23.6,71.7,1008.4,207.5,247.8,24.6,100,1
26-03-2020,29.5,23.7,71.8,1009.4,199.1,221,24.6,100,1
27-03-2020,29.3,23,69.5,1011.3,283.3,242.7,23.6,100,1
28-03-2020,29.6,18.3,52.9,1011,260.7,277.3,24,0,0
29-03-2020,29.9,18.3,50.6,1009.3,268.9,294.4,21.3,0,0
30-03-2020,29.1,19.3,56.1,1009.8,228.5,294.1,21.3,100,1
31-03-2020,28.7,20.7,64.4,1010.9,220.2,295.2,24.6,0,0
01-04-2020,29,21.6,65.6,1010.3,237.3,302.8,21.9,0,0
02-04-2020,29.6,22,65.4,1008.7,275,303,23.3,0,0
03-04-2020,29.6,22.6,67.6,1009.1,273,297.1,26.5,0,0
04-04-2020,29.4,23.6,72.2,1009.6,221.7,304.9,25.8,0,0
05-04-2020,29.3,23.8,73.5,1010.7,216,302.6,25.3,0,0
06-04-2020,28.8,24.5,78,1011.6,218.4,294,23.6,0,0
07-04-2020,28.2,23.7,77.2,1010.7,209.8,303.7,25.8,0,0
08-04-2020,28.3,22.8,72.4,1011.8,221.5,315.3,22.8,0,0
09-04-2020,28.5,22.6,71.3,1011,196.6,310.2,21.8,0,0
10-04-2020,29.2,23.9,73.8,1010.5,244.1,300.6,24.6,0,0
11-04-2020,30,24.3,72.4,1011.1,244.5,288.8,27.7,0,0
12-04-2020,30.1,25.4,76.7,1010.4,189.9,292.3,24.7,100,1
13-04-2020,29.9,25.6,78.1,1009.3,183.1,293.6,21.7,100,1
14-04-2020,30.6,25,73.1,1009,208.2,300.6,23.5,0,0
15-04-2020,30.6,25,72.7,1009.9,182.5,286.7,22.2,0,0
16-04-2020,30.4,25.5,75.6,1009.5,183.8,291.5,24.6,100,1
17-04-2020,30.3,25.6,76.8,1008.8,183.6,290.7,22.8,100,1
18-04-2020,30.6,25,72.8,1009.3,206.4,282.3,23,100,1
19-04-2020,31.3,25.3,71,1008.9,221.5,300,25.4,100,1
20-04-2020,32.8,21.6,55.4,1007.9,216,314.1,26.4,100,1
21-04-2020,30.7,23.2,64.7,1009.4,201.9,317,24.7,0,0
22-04-2020,30.2,25,74.4,1008.6,228.8,312.1,24.6,0,0
23-04-2020,30.7,25.3,73.4,1008.7,175.6,285.2,23.3,0,0
24-04-2020,30.8,25.1,72.2,1008,209.5,280.3,26.5,0,0
25-04-2020,30.5,24,68.8,1009,206.1,317.9,26.5,0,0
26-04-2020,29.9,23.9,70.9,1009.2,181.2,323.6,27.2,0,0
27-04-2020,30.1,23.9,69.7,1010.5,264.5,322,27.7,0,0
28-04-2020,30.8,25.1,72.3,1008.6,238,315.2,20.4,0,0
29-04-2020,31.1,25.6,73.1,1008.5,237.9,296,27.1,100,1
30-04-2020,31,25.7,73.8,1009.7,226.9,292.2,22.8,100,1
01-05-2020,30.9,25.3,72.5,1009.7,264.2,284.3,24.6,100,1
02-05-2020,30.6,25.3,73.9,1008.4,195,300.1,25.9,100,1
03-05-2020,30.8,25.6,74.4,1008.1,233.8,274.4,28.3,100,1
04-05-2020,30.5,25.3,74.5,1009.1,235.3,314.4,25.8,0,0
05-05-2020,30.7,25.5,74.3,1008.4,238.3,282.5,24.7,100,1
06-05-2020,31.1,26.2,75.7,1007.4,218.7,286.4,21.1,100,1
07-05-2020,30.6,25.5,74.6,1008.1,206.6,310.1,24,0,0
08-05-2020,30.6,24.9,71.9,1008.5,233.1,316.6,23.5,0,0
09-05-2020,30.6,25,72.5,1008.4,228,318.2,25.3,0,0
10-05-2020,30.8,25.6,74,1007.9,203.6,320.2,25.8,0,0
11-05-2020,31,25,71.2,1008.4,192.6,329,25.3,100,1
12-05-2020,30.5,25.1,73.6,1007.8,213.9,325.3,22.3,0,0
13-05-2020,30.7,25.5,74.3,1007.1,235,315.4,27.1,0,0
14-05-2020,31.2,25.7,73.3,1006.6,237.5,302.3,26.5,100,1
15-05-2020,31.5,25,69.1,1006.4,284.8,257.4,25.8,100,1
16-05-2020,31.2,25.8,73.4,1006.5,251.7,143.6,25.3,100,1
17-05-2020,31.2,25.3,71.2,1005.8,261.5,261.2,23.5,0,0
18-05-2020,30.9,24.9,71,1005.2,299,301.9,28.3,0,0
19-05-2020,30.7,24.3,69.3,1005,277.2,307.7,27.1,0,0
20-05-2020,30.6,24.2,69,1005,265.7,326.5,27.1,0,0
21-05-2020,30.9,24.5,69.4,1006.3,225.1,317.1,24.1,0,0
22-05-2020,31.1,25.1,71.1,1007.3,275.5,319.7,22.3,0,0
23-05-2020,31,25.4,72.7,1007,206,315.8,24.1,0,0
24-05-2020,31,26,74.9,1007.7,291.7,297.1,25.5,0,0
25-05-2020,31,26.4,77.1,1008.1,281.2,286.5,24.7,0,0
26-05-2020,31.2,26.1,74.8,1008.3,276.1,288.1,22.9,0,0
27-05-2020,31.2,25.3,71.3,1007.7,265,296.8,27.1,0,0
28-05-2020,31.4,25.2,70.2,1007,256.6,262,21.7,0,0
29-05-2020,31.7,25.9,72,1007.1,257.4,202.3,22.9,0,0
30-05-2020,32.1,26,70.8,1007.3,282.5,169.3,26.6,0,0
31-05-2020,32.3,25.5,68.4,1007.6,285.5,127,26.5,100,1
01-06-2020,30.3,25.3,75,1007.9,211.1,166.4,19,100,1
02-06-2020,29.8,24.8,75.4,1005,98.8,107.1,21.7,100,1
03-06-2020,27,24.1,84.2,998.3,146.7,58,42.5,100,1
04-06-2020,26.7,24.4,87.6,1004.8,145.6,102.1,29.5,100,1
05-06-2020,28.2,23.1,75.4,1005.8,148.8,249,21.9,100,1
06-06-2020,29.1,25.8,82.7,1005.5,169.1,247.6,53.6,100,1
07-06-2020,29.7,24.9,75.9,1005.4,185.2,111.6,27.1,100,1
08-06-2020,27.7,23.5,78.7,1006.3,198.4,295.8,26.5,100,1
09-06-2020,29.3,25.3,79.4,1006.1,201.3,257.3,23.5,100,1
10-06-2020,30,26.1,79.7,1005.2,207.4,270,24.1,100,1
11-06-2020,29.6,25.9,81,1002.8,198.8,247.1,23.6,100,1
12-06-2020,29.2,25.7,81.8,1000.8,171.8,152.2,19,100,1
13-06-2020,28.8,25.9,85,1000.9,180.6,119.3,23,100,1
14-06-2020,29.2,26.1,84.1,1002.1,166,160.3,24,100,1
15-06-2020,29.1,26.4,85.6,1001.8,161.8,84.2,22.8,100,1
16-06-2020,28.7,26.4,87.7,1001.1,183.1,144.4,21.7,100,1
17-06-2020,28.9,25.5,82.1,1001.5,163.3,149.3,24.1,100,1
18-06-2020,27.6,25.8,90.1,1003.2,151.1,182.8,17,100,1
19-06-2020,29.4,26.8,86.5,1005,174.2,204.9,24.1,100,1
20-06-2020,30.2,26.6,81.4,1005.8,190.3,224.1,23.3,100,1
21-06-2020,29.9,26.2,81.1,1004.7,191.5,166.8,22.3,100,1
22-06-2020,29.4,26.3,83.6,1003.2,153.8,238.8,27.7,100,1
23-06-2020,29.3,25.3,79.6,1004,171.3,231.1,29,100,1
24-06-2020,29.8,25.3,77.1,1004.7,186.9,268.2,21.7,100,1
25-06-2020,30.2,26.2,79.5,1003.9,189.2,262.2,21.8,100,1
26-06-2020,29.8,26.5,83,1003.7,164.9,125.3,19.6,100,1
27-06-2020,30.6,26.2,77.5,1004.3,190.2,200,21.1,100,1
28-06-2020,29.6,26.3,82.8,1004.1,167.9,175.7,19.8,100,1
29-06-2020,29.3,26.4,84.9,1003.3,212.8,203.2,22.9,100,1
30-06-2020,28.5,25.9,86.1,1002,188.1,143.3,24,100,1
01-07-2020,28.9,25.8,84,1003.2,179.2,241.9,24.1,100,1
02-07-2020,28.6,25.7,84.7,1002.8,179.3,238.3,23.3,100,1
03-07-2020,27.1,26,93.8,1002.2,178.2,117.4,31.6,100,1
04-07-2020,26.6,26.2,97.2,1000.7,217.5,106.1,22.3,100,1
05-07-2020,27.3,26,92.7,1000.4,230.3,107.2,26.4,100,1
06-07-2020,29.1,26.2,84.5,998.7,211.1,244.7,35.1,100,1
07-07-2020,28,26.5,91.8,1000.2,218,188.5,30.1,100,1
08-07-2020,28.8,26.7,88.4,1003.4,226.6,292.1,30,100,1
09-07-2020,28.9,26.5,87.4,1003.6,204.3,290.3,25.4,100,1
10-07-2020,29.6,26.6,84.1,1004.1,219.1,211,25.9,100,1
11-07-2020,29.4,26.6,85.7,1003.9,194.7,211.2,24.6,100,1
12-07-2020,26.5,25.4,93.4,1004.5,155.9,168.8,21.1,100,1
13-07-2020,27.2,25.9,92.9,1003.7,170.4,166.5,31.7,100,1
14-07-2020,26.7,26,95.8,1003.4,187.9,196.2,14.8,100,1
15-07-2020,26.3,25.8,97.2,1002,143.3,89.7,22.3,100,1
16-07-2020,26.2,25.6,96.5,998.9,179.4,161.3,28.8,100,1
17-07-2020,26.8,25.8,94.6,998.5,157.5,238.8,20.5,100,1
18-07-2020,28.3,26.3,89.3,1002.3,164.4,269.2,18.4,100,1
19-07-2020,29.2,26.7,86.6,1005,181.2,225.2,25.9,100,1
20-07-2020,29.4,26.2,83.3,1003.6,219.3,155.9,19.8,100,1
21-07-2020,29.6,25.9,81.1,1004.3,188,176,20.5,100,1
22-07-2020,29.5,25.8,80.7,1005.7,174.3,211.9,20.5,100,1
23-07-2020,28.8,26.2,86.3,1004.9,161.8,160.8,20.5,100,1
24-07-2020,27.9,25.8,88.5,1005.8,133.4,145.4,14.8,100,1
25-07-2020,28.6,25.3,83.1,1005.8,168.8,173.8,19,100,1
26-07-2020,28.2,25.7,86.8,1006.7,131.9,283.4,20.7,100,1
27-07-2020,26.9,25.8,93.5,1007.6,192.3,244.7,20.5,100,1
28-07-2020,26.5,25.7,95.8,1006.4,105.2,221.3,25.8,100,1
29-07-2020,27.5,25.8,90.9,1004,136.3,100.1,21.1,100,1
30-07-2020,27.3,26.1,93.2,1003.9,181.2,287,19.6,100,1
31-07-2020,28.5,25.9,86.5,1003.6,164.8,193.3,22.3,100,1
01-08-2020,28.7,25.8,84.7,1003.3,155.8,146.9,20.5,100,1
02-08-2020,29.1,25.6,81.7,1002,169.3,170.6,23.3,100,1
03-08-2020,28.1,26,88.6,999.9,196.1,115.4,22.3,100,1
04-08-2020,26.8,25.9,94.9,996.2,244.2,145.2,44.6,100,1
05-08-2020,26.3,25.5,95.4,994.1,254.1,107.9,51.8,100,1
06-08-2020,26.5,25.6,95.4,995.4,251.3,142.2,40.8,100,1
07-08-2020,27.8,26,90,1001.2,229.7,279.4,39.2,100,1
08-08-2020,28.2,26.1,88.5,1003.9,235.3,264.5,22.3,100,1
09-08-2020,29,26.3,85.5,1003.6,249.1,197.6,22.9,100,1
10-08-2020,28.6,26.1,86.3,1003.3,247.9,131.5,21.1,100,1
11-08-2020,28.2,25.9,87,1005,242.8,189.7,22.3,100,1
12-08-2020,27.3,25.8,91.8,1006.3,245.3,158.8,22.3,100,1
13-08-2020,27.8,25.9,89.1,1004.2,245.3,104.4,35.3,100,1
14-08-2020,26.7,25.5,92.8,1002.3,228.5,176.5,29.5,100,1
15-08-2020,27.6,25.9,90.8,1002,231.8,160.6,22.3,100,1
16-08-2020,28,26.1,89.2,1002.9,245.7,122.2,128.1,100,1
17-08-2020,27.3,25.8,91.7,1002.7,237.4,122.6,23,100,1
18-08-2020,27.4,25.4,89.4,1004.2,237.7,219.2,22.2,100,1
19-08-2020,27.9,25.4,86.7,1003.8,239,239.9,22.3,100,1
20-08-2020,27.4,25.9,91.8,1002.8,236.8,82,22.8,100,1
21-08-2020,26.6,25.6,94.1,1004.1,235.9,125.4,30.6,100,1
22-08-2020,27.4,25.8,91.1,1004.7,232.4,209.1,31.7,100,1
23-08-2020,28.2,25.8,86.9,1005.4,227.1,231.2,22.3,100,1
24-08-2020,28.3,25.7,86.4,1006.1,224.5,259.1,21.1,100,1
25-08-2020,28.4,25.6,84.8,1008.4,225.9,280,23.6,100,1
26-08-2020,28.3,25.2,83.3,1008.6,217.8,264.7,23,100,1
27-08-2020,28.5,25.1,82,1007.3,234.5,262.3,23,100,1
28-08-2020,26.4,25,92.5,1005.7,206.5,186.9,26,100,1
29-08-2020,26.1,25.2,95.2,1005.2,218,113.3,22.3,100,1
30-08-2020,26.3,25.1,93.3,1005.5,208,122.2,24.1,100,1
31-08-2020,27.3,25.2,88.6,1007.5,220,250.2,25.9,100,1
01-09-2020,27.4,25.1,87.2,1009,175.7,246.7,18.4,100,1
02-09-2020,28.5,25.7,85.5,1008.2,168,237.6,19.8,100,1
03-09-2020,29,25.5,82,1007.1,198.6,162.1,21.8,100,1
04-09-2020,29.7,25.6,79.1,1006.1,173.8,209.4,19,100,1
05-09-2020,30.1,26.7,82.6,1005.5,210.8,219.1,24.7,100,1
06-09-2020,30.4,27.5,84.8,1004.5,222.5,205,17.1,100,1
07-09-2020,28.7,25.6,83.4,1006.3,250.3,205.5,19.6,100,1
08-09-2020,29.7,25.6,79.3,1006.6,193.6,182.9,21.1,100,1
09-09-2020,30.1,26.8,82.6,1004.9,153.2,154.6,20.5,100,1
10-09-2020,29.6,26.1,81.5,1003.3,175.7,83.3,17.2,100,1
11-09-2020,28.9,25.9,84.4,1002.7,141.5,110.2,16.6,100,1
12-09-2020,28.2,25.4,85.2,1004.1,147,197.4,27,100,1
13-09-2020,28.3,25.3,84.4,1006.6,196.9,213.1,22.3,100,1
14-09-2020,27.6,25.1,86.8,1006.3,165.5,156.1,19.6,100,1
15-09-2020,27.7,25.2,86.5,1006.2,153.1,131.6,16.9,100,1
16-09-2020,27.7,25.7,88.9,1006.4,143,130.6,15.9,100,1
17-09-2020,27.3,25.5,90.2,1006.9,163.2,143.2,16.6,100,1
18-09-2020,27,25.3,90.4,1005.9,132.1,99.7,9.4,100,1
19-09-2020,27.4,26.1,92.7,1003.6,151.6,178.7,10,100,1
20-09-2020,28.9,25.4,82,1001.8,171.3,80.5,17.2,100,1
21-09-2020,28.1,26.3,90.4,1000.7,115.1,147.4,17.3,100,1
22-09-2020,26.7,25.8,95,1001.1,170.2,77.1,18.4,100,1
23-09-2020,26,25.7,98.2,1002.9,236.5,148.7,21.7,100,1
24-09-2020,27.4,25.8,91.6,1006.9,114.2,170.1,16.1,100,1
25-09-2020,28,25.6,86.9,1007.7,200,177.4,16.6,100,1
26-09-2020,29,24.2,75.7,1007.5,267.9,172.1,19.8,100,1
27-09-2020,28.7,24.5,79,1008.6,180.2,272.3,16.1,100,1
28-09-2020,28.5,24.6,79.9,1008.9,165,279.9,16.4,100,1
29-09-2020,28.8,24.6,78.5,1008.3,166.3,278.6,21.1,100,1
30-09-2020,28.9,24.5,77.9,1007.6,213.6,278.6,22.3,0,0
01-10-2020,29,24.3,76.2,1008.2,185.9,245.9,19.6,100,1
02-10-2020,29.2,25.4,80.5,1008,175.9,243.6,20.6,100,1
03-10-2020,28.8,26,85,1008,130.5,207.1,20.5,100,1
04-10-2020,27.2,24.8,87.2,1009.7,214.5,190.3,22.3,100,1
05-10-2020,28.5,25.5,83.8,1008.8,221.8,251.9,18.4,100,1
06-10-2020,29,25.6,82.3,1008.3,172.1,173.9,21.8,0,0
07-10-2020,30,25.6,77.6,1008.7,183.9,227.6,17.1,100,1
08-10-2020,29.9,26.4,81.6,1007.9,189.9,228,14.8,100,1
09-10-2020,31.1,24.9,70.9,1007,123.6,239.3,18.4,100,1
10-10-2020,30,26.2,80.9,1006.6,123.2,161.1,15.5,100,1
11-10-2020,29,26,84.2,1005.4,153.8,127.3,12.5,100,1
12-10-2020,29.3,26.3,84.3,1003.4,136.2,188,14.8,100,1
13-10-2020,29.5,27,87.1,1002.9,125.4,167.5,15.5,100,1
14-10-2020,28.5,26.3,88.2,1003,150.3,91.4,13,100,1
15-10-2020,27.4,26.2,93.7,1001.1,234.1,61.9,14.8,100,1
16-10-2020,29.1,24.8,78.5,1001.6,103.8,122.3,14.9,100,1
17-10-2020,29.1,23.7,72.7,1005.2,156.4,207,17,100,1
18-10-2020,28.7,24.5,78.7,1007.4,184.3,250.2,18.4,0,0
19-10-2020,28.9,25.8,83.5,1007.8,153,143.6,18.4,100,1
20-10-2020,29.6,26.8,85.7,1007.1,196.3,117.7,18.4,100,1
21-10-2020,29.6,26.4,83.7,1007.4,142,104.7,17.8,100,1
22-10-2020,28.9,26.2,85.7,1006.4,152.8,69.7,18.4,100,1
23-10-2020,29.1,25.3,80.2,1006.5,170.1,114.3,16.7,100,1
24-10-2020,29.5,26.7,85.5,1008.2,153.9,173.8,19.9,100,1
25-10-2020,29.6,26.1,81.9,1010,168.4,199.1,16.1,100,1
26-10-2020,29.6,23.9,72.7,1011,119.8,210.4,16.6,0,0
27-10-2020,29.9,20.3,58.2,1010.1,158.8,229.9,14.9,0,0
28-10-2020,29.6,22.3,65.6,1010.5,176,238.3,15.5,0,0
29-10-2020,29.3,23,69.7,1010.9,172.7,240.4,16.6,0,0
30-10-2020,29.6,22,65.6,1010.7,131.3,240.8,22.3,0,0
31-10-2020,29.1,19.4,58.2,1011,154.1,247.3,16,0,0
01-11-2020,28.9,18.8,56,1011.7,143.6,220,15.3,0,0
02-11-2020,29.7,21.5,62.9,1012,176.2,203.9,15.4,0,0
03-11-2020,29.8,21.1,60.8,1011.8,159.2,207,16.1,0,0
04-11-2020,29.8,19.8,57.6,1011.5,133.2,214.1,13,0,0
05-11-2020,29.5,17.9,51.9,1012.2,78.8,217.4,14.2,0,0
06-11-2020,29.3,16.2,47.4,1013.9,81,231.9,18.4,0,0
07-11-2020,28.8,17.7,52.9,1013.8,124.2,226.3,16.6,0,0
08-11-2020,29.8,17.1,48,1013.6,106.1,218.2,17.2,0,0
09-11-2020,29,16.1,48.2,1013.2,85,223.6,13.5,0,0
10-11-2020,28.1,15.3,48.7,1011.2,139.4,223.4,18.7,0,0
11-11-2020,27.4,12.2,41.5,1011.8,108.3,220.4,17.2,0,0
12-11-2020,28,13,40.9,1012.6,148.4,225.1,16.6,0,0
13-11-2020,28.4,18.7,56.9,1011.9,131.8,223.4,18.4,0,0
14-11-2020,29.5,20.9,61.3,1010.2,154.2,232.7,19.3,0,0
15-11-2020,29.7,22.3,65.4,1010.7,150.5,225.9,17.1,0,0
